date,GSPC,F,MSFT,ORCL,LLY,PG,IRX
2001-12-01,1148.0799560546875,6.592257499694824,20.107053756713867,10.96506118774414,39.97174835205078,20.312707901000977,1.6699999570846558
2002-01-01,1130.199951171875,6.460348606109619,19.33614730834961,13.704345703125,38.22099685668945,21.067806243896484,1.7200000286102295
2002-02-01,1106.72998046875,6.28300666809082,17.70633316040039,13.19619083404541,38.70002746582031,21.869962692260742,1.7200000286102295
2002-03-01,1147.3900146484375,6.962818145751953,18.304231643676758,10.163129806518555,38.940208435058594,23.23699378967285,1.7400000095367432
2002-04-01,1076.9200439453125,6.755918979644775,15.861045837402344,7.971701145172119,33.7532844543457,23.378253936767578,1.7300000190734863
2002-05-01,1067.1400146484375,7.499494552612305,15.451311111450195,6.288434982299805,33.22256851196289,23.19437026977539,1.7050000429153442
2002-06-01,989.82000732421875,6.798409461975098,16.601598739624023,7.519128799438477,28.960630416870117,23.30921173095703,1.659000039100647
2002-07-01,911.6199951171875,5.767099857330322,14.562055587768555,7.9478840827941895,29.997852325439453,23.34610366821289,1.6649999618530273
2002-08-01,916.07000732421875,5.039257049560547,14.895903587341309,7.614405155181885,29.968042373657227,23.256906509399414,1.6449999809265137
2002-09-01,815.280029296875,4.1958136558532715,13.275200843811035,6.2407965660095215,28.56902313232422,23.448429107666016,1.5269999504089355
2002-10-01,885.760009765625,3.6660027503967285,16.228281021118164,8.090800285339355,28.651622772216797,23.31012725830078,1.4170000553131104
2002-11-01,936.30999755859375,4.931339263916016,17.506031036376953,9.647032737731934,35.43852615356445,22.277067184448242,1.2020000219345093
2002-12-01,879.82000732421875,4.030004024505615,15.691079139709473,8.575139045715332,32.947967529296875,22.648649215698242,1.1820000410079956
2003-01-01,855.70001220703125,3.9893558025360107,14.40422534942627,9.551749229431152,31.256471633911133,22.659154891967773,1.1480000019073486
2003-02-01,841.1500244140625,3.6434051990509033,14.432271957397461,9.496173858642578,29.511709213256836,21.67673683166504,1.1749999523162842
2003-03-01,848.17999267578125,3.2930796146392822,14.742844581604004,8.614842414855957,29.819551467895508,23.580665588378906,1.090000033378601
2003-04-01,916.91998291015625,4.55460262298584,15.571022033691406,9.432653427124023,33.2997932434082,23.90144920349121,1.1009999513626099
2003-05-01,963.59002685546875,4.643041133880615,14.98642349243164,10.329866409301758,31.349756240844727,24.425500869750977,1.0850000381469727
2003-06-01,974.5,4.859715938568115,15.613654136657715,9.535871505737305,36.17521286010742,23.723222732543945,0.8379999995231628
2003-07-01,990.30999755859375,4.936249732971191,16.082551956176758,9.519996643066406,34.533504486083984,23.49519920349121,0.9269999861717224
2003-08-01,1008.010009765625,5.159408092498779,16.149534225463867,10.18695068359375,35.08232498168945,23.340110778808594,0.9599999785423279
2003-09-01,995.969970703125,4.806818962097168,16.92900276184082,8.93243408203125,31.322547912597656,24.81875991821289,0.9259999990463257
2003-10-01,1050.7099609375,5.457823276519775,16.007427215576172,9.50411605834961,35.12978744506836,26.406883239746094,0.9319999814033508
2003-11-01,1058.199951171875,5.939262390136719,15.744108200073242,9.54381275177002,36.467201232910156,25.85612678527832,0.9079999923706055
2003-12-01,1111.9200439453125,7.199105262756348,16.760656356811523,10.504548072814941,37.27816390991211,26.834054946899414,0.9070000052452087
2004-01-01,1131.1300048828125,6.583489418029785,16.9321231842041,11.004762649536133,36.06435775756836,27.282258987426758,0.8970000147819519
2004-02-01,1144.93994140625,6.2257890701293945,16.246265411376953,10.218707084655762,39.37916946411133,27.668230056762695,0.9269999861717224
2004-03-01,1126.2099609375,6.144286155700684,15.266461372375488,9.527933120727539,35.629798889160156,28.307905197143555,0.9229999780654907
2004-04-01,1107.300048828125,6.998431205749512,16.001306533813477,8.93243408203125,39.30992889404297,28.690656661987305,0.9520000219345093
2004-05-01,1120.6800537109375,6.7660603523254395,16.062543869018555,9.051539421081543,39.424888610839844,29.241193771362305,1.0520000457763672
2004-06-01,1140.8399658203125,7.130565166473389,17.489377975463867,9.472357749938965,37.41272735595703,29.5286808013916,1.3029999732971191
2004-07-01,1101.719970703125,6.752205848693848,17.44650650024414,8.344880104064941,34.100093841552734,28.416912078857422,1.4119999408721924
2004-08-01,1104.239990234375,6.472393989562988,16.76711082458496,7.916123867034912,34.15416717529297,30.498458862304688,1.5679999589920044
2004-09-01,1114.5799560546875,6.44487190246582,16.98206329345703,8.956254005432129,32.32402038574219,29.490375518798828,1.6740000247955322
2004-10-01,1130.199951171875,6.022823333740234,17.178604125976562,10.05196762084961,29.55721092224121,28.0205135345459,1.8669999837875366
2004-11-01,1173.8199462890625,6.554383754730225,18.352201461791992,10.11549186706543,28.88814353942871,29.279747009277344,2.181999921798706
2004-12-01,1211.9200439453125,6.767008304595947,18.290586471557617,10.893608093261719,30.740707397460938,30.155731201171875,2.181999921798706
2005-01-01,1181.27001953125,6.133896350860596,17.98940086364746,10.933302879333496,29.381080627441406,29.273584365844727,2.421999931335449
2005-02-01,1203.5999755859375,5.891707897186279,17.275859832763672,10.28222942352295,30.5462646484375,29.196592330932617,2.690000057220459
2005-03-01,1180.5899658203125,5.276924133300781,16.596094131469727,9.909048080444336,28.418933868408203,29.14710807800293,2.7219998836517334
2005-04-01,1156.8499755859375,4.288389682769775,17.37199592590332,9.178574562072754,31.893566131591797,29.933815002441406,2.8369998931884766
2005-05-01,1191.5,4.697929382324219,17.77150535583496,10.163129806518555,32.00651931762695,30.48661231994629,2.881999969482422
2005-06-01,1191.3299560546875,4.820320129394531,17.110240936279297,10.48072338104248,30.584640502929688,29.1599063873291,3.059999942779541
2005-07-01,1234.1800537109375,5.102499485015869,17.640634536743164,10.774504661560059,30.91951560974121,30.90966033935547,3.3320000171661377
2005-08-01,1220.3299560546875,4.736678600311279,18.915781021118164,10.313989639282227,30.420289993286133,30.82631492614746,3.430000066757202
2005-09-01,1228.81005859375,4.684418201446533,17.77586555480957,9.845528602600098,29.5909481048584,33.03770065307617,3.4700000286102295
2005-10-01,1207.010009765625,4.001935958862305,17.7551326751709,10.067846298217773,27.52865219116211,31.267847061157227,3.805000066757202
2005-11-01,1249.47998046875,3.910547971725464,19.179101943969727,10.004328727722168,28.12662124633789,31.93800163269043,3.8570001125335693
2005-12-01,1248.2900390625,3.7133371829986572,18.11897850036621,9.69466781616211,31.518531799316406,32.32333755493164,3.984999895095825
2006-01-01,1280.0799560546875,4.175439834594727,19.504756927490234,9.980511665344238,31.535249710083008,33.23591995239258,4.369999885559082
2006-02-01,1280.6600341796875,3.878582000732422,18.680950164794922,9.861409187316895,31.20041275024414,33.62872314453125,4.506999969482422
2006-03-01,1294.8699951171875,3.8737173080444336,18.917327880859375,10.869783401489258,31.020931243896484,32.33810806274414,4.514999866485596
2006-04-01,1310.6099853515625,3.429838180541992,16.789907455444336,11.584379196166992,29.685823440551758,32.8448600769043,4.650000095367432
2006-05-01,1270.0899658203125,3.533473014831543,15.808463096618652,11.290599822998047,29.192108154296875,30.61043930053711,4.715000152587891
2006-06-01,1270.199951171875,3.419968843460083,16.26213264465332,11.504981994628906,31.24414825439453,31.372169494628906,4.860000133514404
2006-07-01,1276.6600341796875,3.3157200813293457,16.79256820678711,11.886096954345703,32.09209442138672,31.88785743713379,4.934999942779541
2006-08-01,1303.8199462890625,4.16080379486084,18.00324821472168,12.433954238891602,31.8476505279541,35.12203598022461,4.90500020980835
2006-09-01,1335.8499755859375,4.021615028381348,19.159101486206055,14.085454940795898,32.45692825317383,35.16742706298828,4.760000228881836
2006-10-01,1377.93994140625,4.116064071655273,20.11180305480957,14.665081977844238,31.893203735351562,36.1474609375,4.940000057220459
2006-11-01,1400.6300048828125,4.041499137878418,20.637451171875,15.125584602355957,30.742334365844727,35.80532455444336,4.889999866485596
2006-12-01,1418.300048828125,3.733290672302246,20.988908767700195,13.609061241149902,29.8875789642334,36.64925765991211,4.885000228881836
2007-01-01,1438.239990234375,4.041499137878418,21.691823959350586,13.624942779541016,31.04637908935547,37.168670654296875,4.974999904632568
2007-02-01,1406.8199462890625,3.9321351051330566,19.869653701782227,13.045324325561523,30.40618324279785,36.37798309326172,4.994999885559082
2007-03-01,1420.8599853515625,3.922192096710205,19.658044815063477,14.39511489868164,31.053735733032227,36.18889617919922,4.894999980926514
2007-04-01,1482.3699951171875,3.9967589378356934,21.118120193481445,14.927096366882324,34.18747329711914,37.103153228759766,4.724999904632568
2007-05-01,1530.6199951171875,4.145893573760986,21.717254638671875,15.38761043548584,34.139713287353516,36.61343002319336,4.590000152587891
2007-06-01,1503.3499755859375,4.682770252227783,20.85394287109375,15.649628639221191,32.54396057128906,35.25373840332031,4.670000076293945
2007-07-01,1455.27001953125,4.2303996086120605,20.51426887512207,15.181173324584961,31.50149154663086,35.83989715576172,4.809999942779541
2007-08-01,1473.989990234375,3.8824234008789062,20.40154457092285,16.10220718383789,33.6502799987793,37.83871078491211,3.990000009536743
2007-09-01,1526.75,4.220457553863525,20.9199275970459,17.189987182617188,33.40385437011719,40.75297164916992,3.700000047683716
2007-10-01,1549.3800048828125,4.409359931945801,26.139253616333008,17.602848052978516,31.772668838500977,40.477928161621094,3.819999933242798
2007-11-01,1481.1400146484375,3.733290672302246,23.938682556152344,16.022811889648438,31.322120666503906,43.086395263671875,3.069999933242798
2007-12-01,1468.3599853515625,3.3455471992492676,25.36360740661621,17.928394317626953,31.5824031829834,42.74867248535156,3.140000104904175
2008-01-01,1378.550048828125,3.3008062839508057,23.22622299194336,16.316577911376953,30.39931297302246,38.28294372558594,1.8700000047683716
2008-02-01,1330.6300048828125,3.246124029159546,19.454242706298828,14.927096366882324,29.864015579223633,38.72768783569336,1.784999966621399
2008-03-01,1322.699951171875,2.843465566635132,20.298202514648438,15.530529022216797,30.80138397216797,41.004051208496094,1.274999976158142
2008-04-01,1385.5899658203125,4.106122970581055,20.398338317871094,16.554786682128906,28.741580963134766,39.461551666259766,1.340000033378601
2008-05-01,1400.3800048828125,3.380343198776245,20.329858779907227,18.134830474853516,29.021318435668945,38.873008728027344,1.850000023841858
2008-06-01,1280,2.3910953998565674,19.748388290405273,16.673871994018555,27.82767677307129,35.7890625,1.7050000429153442
2008-07-01,1267.3800048828125,2.386125087738037,18.46341896057129,17.094697952270508,28.40038299560547,38.778594970703125,1.6349999904632568
2008-08-01,1282.8299560546875,2.2171077728271484,19.668596267700195,17.41229820251465,28.39403533935547,41.3192024230957,1.690000057220459
2008-09-01,1166.3599853515625,2.5849695205688477,19.236160278320312,16.12602424621582,26.799348831176758,41.271827697753906,0.8999999761581421
2008-10-01,968.75,1.0886693000793457,16.093788146972656,14.522151947021484,20.58491325378418,38.466285705566406,0.4350000023841858
2008-11-01,896.239990234375,1.3372241258621216,14.671792030334473,12.775367736816406,21.077396392822266,38.35304260253906,0.019999999552965164
2008-12-01,903.25,1.138380527496338,14.105813980102539,14.077521324157715,24.854663848876953,36.84515380859375,0.11500000208616257
2009-01-01,825.8800048828125,0.9295942187309265,12.407892227172852,13.362923622131348,22.725317001342773,32.710208892822266,0.2199999988079071
2009-02-01,735.09002685546875,0.9942187070846558,11.79891300201416,12.338672637939453,18.377117156982422,28.911020278930664,0.25
2009-03-01,797.8699951171875,1.307397484779358,13.420804023742676,14.347478866577148,20.89787483215332,28.262828826904297,0.20000000298023224
2009-04-01,872.80999755859375,2.9727139472961426,14.801609992980957,15.395755767822266,20.591373443603516,29.929615020751953,0.125
2009-05-01,919.1400146484375,2.8583791255950928,15.35879898071289,15.594761848449707,21.922670364379883,31.44304656982422,0.12999999523162842
2009-06-01,919.32000732421875,3.0174551010131836,17.476234436035156,17.05155372619629,21.967063903808594,30.934532165527344,0.18000000715255737
2009-07-01,987.47998046875,3.976874828338623,17.292438507080078,17.659847259521484,22.125598907470703,33.87282180786133,0.17499999701976776
2009-08-01,1020.6199951171875,3.7780323028564453,18.225139617919922,17.460355758666992,21.532115936279297,33.01852798461914,0.12999999523162842
2009-09-01,1057.0799560546875,3.5841591358184814,19.01624870300293,16.630422592163086,21.255409240722656,35.343421936035156,0.11500000208616257
2009-10-01,1036.18994140625,3.479764223098755,20.502361297607422,16.87848472595215,21.88605308532715,35.66217041015625,0.04500000178813934
2009-11-01,1095.6300048828125,4.419301509857178,21.840593338012695,17.662412643432617,23.96893882751465,38.33683395385742,0.05000000074505806
2009-12-01,1115.0999755859375,4.971093654632568,22.635208129882812,19.622238159179688,23.303325653076172,37.279273986816406,0.05000000074505806
2010-01-01,1073.8699951171875,5.388665199279785,20.927165985107422,18.48360252380371,22.970518112182617,38.11668014526367,0.07000000029802322
2010-02-01,1104.489990234375,5.836064338684082,21.390613555908203,19.758068084716797,22.725645065307617,39.188026428222656,0.11500000208616257
2010-03-01,1169.4300537109375,6.248663902282715,21.853195190429688,20.607696533203125,23.96980094909668,39.18184280395508,0.15000000596046448
2010-04-01,1186.68994140625,6.472363471984863,22.785818099975586,20.775705337524414,23.142578125,38.79070281982422,0.1550000011920929
2010-05-01,1089.4100341796875,5.831092357635498,19.33616828918457,18.12552261352539,22.005521774291992,38.12296676635742,0.15000000596046448
2010-06-01,1030.7099609375,5.010862350463867,17.24516487121582,17.234115600585938,22.48200798034668,37.4302864074707,0.17000000178813934
2010-07-01,1101.5999755859375,6.348089694976807,19.343666076660156,19.025531768798828,23.891324996948242,38.46535873413086,0.14000000059604645
2010-08-01,1049.3299560546875,5.612366199493408,17.683753967285156,17.576885223388672,22.838699340820312,37.52825927734375,0.13500000536441803
2010-09-01,1141.199951171875,6.084617614746094,18.45228385925293,21.608943939208984,24.837677001953125,37.71693420410156,0.1550000011920929
2010-10-01,1183.260009765625,7.024153709411621,20.094833374023438,23.688575744628906,23.933387756347656,40.28843688964844,0.10999999940395355
2010-11-01,1180.550048828125,7.923922538757324,19.149394989013672,21.809947967529297,23.204153060913086,38.70402145385742,0.1599999964237213
2010-12-01,1257.6400146484375,8.346470832824707,21.158336639404297,25.236637115478516,24.155492782592773,40.77009963989258,0.11500000208616257
2011-01-01,1286.1199951171875,7.928892135620117,21.02187728881836,25.866708755493164,23.96936798095703,40.30620193481445,0.14499999582767487
2011-02-01,1327.219970703125,7.481494426727295,20.269180297851562,26.56929588317871,24.156904220581055,40.25509262084961,0.13500000536441803
2011-03-01,1325.8299560546875,7.411898136138916,19.361709594726562,26.997323989868164,24.58327293395996,39.329341888427734,0.09000000357627869
2011-04-01,1363.6099853515625,7.6902852058410645,19.765880584716797,29.092540740966797,25.869403839111328,41.779903411865234,0.03999999910593033
2011-05-01,1345.199951171875,7.416870594024658,19.19695472717285,27.684831619262695,27.241661071777344,43.13180160522461,0.03999999910593033
2011-06-01,1320.6400146484375,6.855140209197998,19.95684051513672,26.624998092651367,26.569116592407227,40.92369842529297,0.014999999664723873
2011-07-01,1292.280029296875,6.069705486297607,21.03144645690918,24.783790588378906,27.114233016967773,39.90898132324219,0.09000000357627869
2011-08-01,1218.8900146484375,5.5278544425964355,20.54625129699707,22.749547958374023,26.937658309936523,41.330345153808594,0.014999999664723873
2011-09-01,1131.4200439453125,4.807047367095947,19.22542953491211,23.29254913330078,26.54985809326172,41.00583267211914,0.009999999776482582
2011-10-01,1253.300048828125,5.80623722076416,20.569419860839844,26.61179542541504,26.686315536499023,41.87015151977539,0.004999999888241291
2011-11-01,1246.9599609375,5.269357681274414,19.907169342041016,25.458648681640625,27.5383358001709,42.24966812133789,0.014999999664723873
2011-12-01,1257.5999755859375,5.348896503448486,20.202899932861328,20.829795837402344,30.23760223388672,43.6499137878418,0.004999999888241291
2012-01-01,1312.4100341796875,6.198329448699951,22.981191635131836,22.959869384765625,28.913440704345703,41.577980041503906,0.054999999701976776
2012-02-01,1365.6800537109375,6.178366661071777,24.863697052001953,23.806324005126953,28.910018920898438,44.59872055053711,0.07500000298023224
2012-03-01,1408.469970703125,6.228272438049316,25.271032333374023,23.73306655883789,29.66887855529785,44.32829666137695,0.06499999761581421
2012-04-01,1397.9100341796875,5.653769493103027,25.083038330078125,23.97707176208496,30.4940185546875,42.328758239746094,0.09000000357627869
2012-05-01,1310.3299560546875,5.292891979217529,23.01617431640625,21.5875186920166,30.528148651123047,41.43084716796875,0.05999999865889549
2012-06-01,1362.1600341796875,4.806708335876465,24.12007713317871,24.221738815307617,31.989334106445312,40.73912811279297,0.07999999821186066
2012-07-01,1379.3199462890625,4.631279945373535,23.236948013305664,24.68048858642578,32.82428741455078,43.29975509643555,0.10000000149011612
2012-08-01,1406.5799560546875,4.706871509552002,24.462413787841797,25.865468978881836,33.86086654663086,45.07762145996094,0.08500000089406967
2012-09-01,1440.6700439453125,4.9689249992370605,23.621078491210938,25.710193634033203,35.74580001831055,46.53346633911133,0.09000000357627869
2012-10-01,1412.1600341796875,5.651330471038818,22.652732849121094,25.449474334716797,36.665645599365234,46.834434509277344,0.10499999672174454
2012-11-01,1416.1800537109375,5.798186302185059,21.302419662475586,26.35019874572754,37.353736877441406,47.233516693115234,0.07500000298023224
2012-12-01,1426.18994140625,6.557774066925049,21.374435424804688,27.43638038635254,37.5670051574707,45.921287536621094,0.03500000014901161
2013-01-01,1498.1099853515625,6.606063365936279,21.966617584228516,29.239652633666992,40.895626068115234,51.25092315673828,0.06499999761581421
2013-02-01,1514.6800537109375,6.432621955871582,22.430889129638672,28.19391632080078,42.017154693603516,51.94646072387695,0.10000000149011612
2013-03-01,1569.18994140625,6.708089351654053,23.084444046020508,26.621185302734375,43.65448760986328,52.54655075073242,0.06499999761581421
2013-04-01,1597.5699462890625,6.993753433227539,26.707277297973633,26.99172592163086,42.570621490478516,52.7333984375,0.04500000178813934
2013-05-01,1630.739990234375,8.057463645935059,28.35711097717285,27.815149307250977,41.22300720214844,52.72651290893555,0.029999999329447746
2013-06-01,1606.280029296875,7.949551105499268,28.064594268798828,25.287250518798828,38.09019470214844,52.884521484375,0.029999999329447746
2013-07-01,1685.72998046875,8.725188255310059,25.870777130126953,26.739458084106445,41.184234619140625,55.571311950683594,0.029999999329447746
2013-08-01,1632.969970703125,8.368532180786133,27.329551696777344,26.334440231323242,40.222862243652344,53.90347671508789,0.019999999552965164
2013-09-01,1681.550048828125,8.720022201538086,27.23134994506836,27.417234420776367,39.38554382324219,52.31178283691406,0.004999999888241291
2013-10-01,1756.5400390625,8.894587516784668,28.9742431640625,27.79033088684082,38.98644256591797,56.31965637207031,0.032999999821186066
2013-11-01,1805.81005859375,8.878990173339844,31.43648910522461,29.27525520324707,39.68793869018555,58.739830017089844,0.054999999701976776
2013-12-01,1848.3599853515625,8.02124309539795,30.842872619628906,31.739057540893555,40.30435562133789,56.77997589111328,0.06300000101327896
2014-01-01,1782.5899658203125,7.8392486572265625,31.197397232055664,30.708223342895508,42.683109283447266,53.84341812133789,0.009999999776482582
2014-02-01,1859.449951171875,8.064574241638184,31.821741104125977,32.54739761352539,47.535987854003906,55.277000427246094,0.0430000014603138
2014-03-01,1872.3399658203125,8.174617767333984,34.04784393310547,34.04536056518555,46.937904357910156,56.64030075073242,0.02800000086426735
2014-04-01,1883.949951171875,8.528962135314941,33.557777404785156,34.121822357177734,47.129302978515625,58.47410202026367,0.019999999552965164
2014-05-01,1923.5699462890625,8.6821136474609375,34.2462043762207,35.073368072509766,48.13226318359375,57.22739791870117,0.029999999329447746
2014-06-01,1960.22998046875,9.104597091674805,34.8819465637207,33.82967758178711,49.989688873291016,55.66905975341797,0.019999999552965164
2014-07-01,1930.6700439453125,9.05282211303711,36.10324478149414,33.81096267700195,49.09716796875,55.20697784423828,0.017999999225139618
2014-08-01,2003.3699951171875,9.260258674621582,38.23944854736328,34.765281677246094,51.51870346069336,59.34107208251953,0.017999999225139618
2014-09-01,1972.2900390625,7.866701602935791,39.022254943847656,32.04465866088867,52.56431198120117,59.79088592529297,0.013000000268220901
2014-10-01,2018.050048828125,7.561120986938477,39.518863677978516,32.79041290283203,53.76393127441406,62.78922653198242,0.003000000026077032
2014-11-01,2067.56005859375,8.44119644165039,40.49656295776367,35.611820220947266,55.616477966308594,65.06281280517578,0.004999999888241291
2014-12-01,2058.89990234375,8.31777286529541,39.344600677490234,37.76145553588867,56.326786041259766,65.53765869140625,0.03700000047683716
2015-01-01,1994.989990234375,7.974380970001221,34.220054626464844,35.27064895629883,58.784278869628906,61.07653045654297,0.004999999888241291
2015-02-01,2104.5,8.858016014099121,37.40665817260742,36.89568328857422,57.69940185546875,61.68517303466797,0.00800000037997961
2015-03-01,2067.889892578125,8.749593734741211,34.685386657714844,36.33155059814453,59.738670349121094,59.37370300292969,0.02500000037252903
2015-04-01,2085.510009765625,8.646032333374023,41.49280548095703,36.856021881103516,59.0972785949707,58.07632827758789,0.004999999888241291
2015-05-01,2107.389892578125,8.30128288269043,40.234153747558594,36.74619674682617,65.32657623291016,57.25823974609375,0.003000000026077032
2015-06-01,2063.110107421875,8.213728904724121,37.90732955932617,34.05085754394531,69.12696075439453,57.14870071411133,0.009999999776482582
2015-07-01,2103.840087890625,8.198150634765625,40.09677505493164,33.872562408447266,69.971466064453125,56.48257827758789,0.057999998331069946
2015-08-01,1972.1800537109375,7.667455196380615,37.612823486328125,31.455501556396484,68.5936050415039,52.042049407958984,0.003000000026077032
2015-09-01,1920.030029296875,7.501614570617676,38.25236892700195,30.632862091064453,69.70977020263672,52.9772834777832,0.004999999888241291
2015-10-01,2079.360107421875,8.270410537719727,45.49491500854492,33.070587158203125,67.94390106201172,56.752464294433594,0.06800000369548798
2015-11-01,2080.409912109375,8.002361297607422,47.28941345214844,33.18128204345703,68.768646240234375,55.60821533203125,0.17000000178813934
2015-12-01,2043.93994140625,7.868341445922852,48.27263259887695,31.103715896606445,70.62955474853516,59.00381851196289,0.14800000190734863
2016-01-01,1940.239990234375,6.892585754394531,47.93328094482422,31.043880462646484,66.30427551269531,61.22700881958008,0.30000001192092896
2016-02-01,1932.22998046875,7.2216291427612305,44.58805465698242,31.445703506469727,60.77312469482422,60.177711486816406,0.30799999833106995
2016-03-01,2059.739990234375,7.793124675750732,48.40013122558594,34.976715087890625,60.78156661987305,61.691680908203125,0.19300000369548798
2016-04-01,2065.300048828125,7.9140944480896,43.70295333862305,34.2060432434082,63.752689361572266,60.54218673706055,0.19300000369548798
2016-05-01,2096.949951171875,7.873241424560547,46.77075958251953,34.49781799316406,63.753578186035156,61.23738479614258,0.28299999237060547
2016-06-01,2098.860107421875,7.3362956047058105,45.15584182739258,35.124263763427734,66.91448974609375,63.98036193847656,0.24799999594688416
2016-07-01,2173.60009765625,7.469841480255127,50.01823806762695,35.34821319580078,70.43229675292969,65.182373046875,0.23999999463558197
2016-08-01,2170.949951171875,7.434439659118652,51.02259826660156,35.50324630737305,66.4857406616211,66.49226379394531,0.3199999928474426
2016-09-01,2168.27001953125,7.121723175048828,51.14691925048828,33.83229446411133,68.63208770751953,68.35047149658203,0.25999999046325684
2016-10-01,2126.14990234375,7.013309001922607,53.20699691772461,33.21977233886719,63.14222717285156,66.61425018310547,0.29499998688697815
2016-11-01,2198.81005859375,7.144732475280762,53.870391845703125,34.75019454956055,57.771663665771484,63.283504486083984,0.46799999475479126
2016-12-01,2238.830078125,7.24629020690918,55.551055908203125,33.24571228027344,63.306087493896484,64.52677917480469,0.47999998927116394
2017-01-01,2278.8701171875,7.502686500549316,57.79489517211914,34.81685256958008,66.30140686035156,67.760986328125,0.5
2017-02-01,2363.639892578125,7.605876922607422,57.54268264770508,36.96957015991211,71.75605773925781,70.44510650634766,0.5230000019073486
2017-03-01,2362.719970703125,7.0656352043151855,59.23353576660156,38.72300720214844,72.88250732421875,69.5014419555664,0.7379999756813049
2017-04-01,2384.199951171875,7.056277751922607,61.57194900512695,39.19496154785156,71.106170654296875,68.06939697265625,0.7799999713897705
2017-05-01,2411.800048828125,6.840959072113037,63.17313003540039,39.56982421875,69.39374542236328,68.6617660522461,0.949999988079071
2017-06-01,2423.409912109375,6.884020805358887,62.35002899169922,43.710750579833984,71.77460479736328,67.9291000366211,0.9929999709129333
2017-07-01,2470.300048828125,6.991121292114258,65.76012420654297,43.691864013671875,72.08857727050781,71.34505462646484,1.0529999732971191
2017-08-01,2471.64990234375,6.8727335929870605,67.99284362792969,44.041900634765625,71.34595489501953,72.48414611816406,0.9779999852180481
2017-09-01,2519.360107421875,7.458445072174072,67.73822784423828,42.309268951416016,75.0760498046875,71.47074127197266,1.027999997138977
2017-10-01,2575.260009765625,7.740303993225098,75.64057922363281,44.71636199951172,71.91642761230469,68.333984375,1.1230000257492065
2017-11-01,2647.580078125,7.898012161254883,76.925262451171875,43.09990310668945,74.755279541015625,71.22276306152344,1.2380000352859497
2017-12-01,2673.610107421875,7.879088401794434,78.17733001708984,41.53614044189453,74.59629821777344,72.718597412109375,1.3550000190734863
2018-01-01,2823.81005859375,7.090642929077148,86.83222198486328,45.49904251098633,71.93782806396484,68.85492706298828,1.4299999475479126
2018-02-01,2713.830078125,6.85795259475708,86.10149383544922,44.68764877319336,68.53144836425781,62.61857986450195,1.6180000305175781
2018-03-01,2640.8701171875,7.161745548248291,83.80596160888672,40.3485221862793,68.8428726196289,63.224666595458984,1.6699999570846558
2018-04-01,2648.050048828125,7.362638473510742,85.87195587158203,40.444740295410156,72.1351089477539,58.223941802978516,1.7630000114440918
2018-05-01,2705.27001953125,7.565699100494385,91.15027618408203,41.37460708618164,76.1893310546875,58.891990661621094,1.8700000047683716
2018-06-01,2718.3701171875,7.251279354095459,90.93814849853516,39.01894760131836,76.44913482666016,62.827781677246094,1.8799999952316284
2018-07-01,2816.2900390625,6.669045925140381,97.82698822021484,42.3903923034668,88.52618408203125,65.68830871582031,1.9850000143051147
2018-08-01,2901.52001953125,6.297066688537598,103.9893798828125,43.19055938720703,95.177398681640625,67.36949157714844,2.055000066757202
2018-09-01,2913.97998046875,6.144289970397949,105.87789916992188,45.839935302734375,96.67284393310547,67.5969009399414,2.1500000953674316
2018-10-01,2711.739990234375,6.457520484924316,98.87923431396484,43.59653091430664,97.69083404541016,72.65962219238281,2.2780001163482666
2018-11-01,2760.169921875,6.362854957580566,103.09980010986328,43.525115966796875,107.4178695678711,77.436431884765625,2.308000087738037
2018-12-01,2506.85009765625,5.172778129577637,94.4345474243164,40.30268859863281,104.7740478515625,75.31433868408203,2.299999952316284
2019-01-01,2704.10009765625,6.054049968719482,97.09362030029297,45.01481246948242,108.52244567871094,79.66753387451172,2.3399999141693115
2019-02-01,2784.489990234375,6.033412933349609,104.60453033447266,46.71755599975586,114.96397399902344,81.38523864746094,2.382999897003174
2019-03-01,2834.39990234375,6.040289402008057,110.1228256225586,48.13349914550781,118.12275695800781,85.92732238769531,2.328000068664551
2019-04-01,2945.830078125,7.304518699645996,121.94369506835938,49.80736541748047,106.54353332519531,88.5548324584961,2.368000030517578
2019-05-01,2752.06005859375,6.654451847076416,115.90984344482422,45.54948425292969,106.1342544555664,85.5858154296875,2.2929999828338623
2019-06-01,2941.760009765625,7.150740146636963,125.54398345947266,51.28367614746094,101.41983032226562,91.1911849975586,2.0350000858306885
2019-07-01,2980.3798828125,6.760866165161133,127.70884704589844,50.885704040527344,99.73543548583984,98.80452728271484,2.0299999713897705
2019-08-01,2926.4599609375,6.505471229553223,129.6291961669922,47.053462982177734,103.99520111083984,100.63763427734375,1.9329999685287476
2019-09-01,2976.739990234375,6.498377799987793,130.72935485839844,49.73784255981445,102.94578552246094,104.11137390136719,1.7699999809265137
2019-10-01,3037.56005859375,6.194014549255371,134.81027221679688,49.46942901611328,104.89734649658203,104.88593292236328,1.4980000257492065
2019-11-01,3140.97998046875,6.532918930053711,142.8263702392578,50.967403411865234,108.6485595703125,102.82207489013672,1.5399999618530273
2019-12-01,3230.780029296875,6.705974102020264,148.78924560546875,48.09855651855469,121.68453216552734,105.2144546508789,1.5049999952316284
2020-01-01,3225.52001953125,6.468020439147949,160.61123657226562,47.82933807373047,129.28575134277344,105.60231018066406,1.5099999904632568
2020-02-01,2954.219970703125,5.1040167808532715,153.2732391357422,45.102745056152344,117.38282012939453,95.95045471191406,1.2300000190734863
2020-03-01,2584.590087890625,3.5420117378234863,149.20516967773438,44.07229232788086,129.09967041015625,93.21337890625,0.029999999329447746
2020-04-01,2912.429931640625,3.7326786518096924,169.5457000732422,48.532997131347656,143.9156036376953,100.54849243164062,0.09000000357627869
2020-05-01,3044.31005859375,4.187346935272217,173.85064697265625,49.265987396240234,143.01290893554688,98.885040283203125,0.12800000607967377
2020-06-01,3100.2900390625,4.458681106567383,193.07142639160156,50.64032745361328,153.5133056640625,101.9986572265625,0.13500000536441803
2020-07-01,3271.1201171875,4.847349166870117,194.4945068359375,51.02005386352539,140.52574157714844,112.55717468261719,0.08299999684095383
2020-08-01,3500.31005859375,5.001348972320557,214.479248046875,52.64864730834961,139.42550659179688,118.7464370727539,0.0949999988079071
2020-09-01,3363,4.884016036987305,200.0240020751953,54.93051528930664,139.077880859375,119.31299591064453,0.08500000089406967
2020-10-01,3269.9599609375,5.668684482574463,192.5491180419922,51.836368560791016,122.57870483398438,118.34404754638672,0.08299999684095383
2020-11-01,3621.6298828125,6.658688545227051,204.11373901367188,53.32374572753906,137.55421447753906,119.87191009521484,0.07500000298023224
2020-12-01,3756.070068359375,6.446021556854248,212.0753936767578,59.76286697387695,159.45523071289062,120.10498046875,0.06499999761581421
2021-01-01,3714.239990234375,7.722023963928223,221.1717071533203,56.04096221923828,196.4102325439453,111.33778381347656,0.04800000041723251
2021-02-01,3811.14990234375,8.580028533935547,222.0824432373047,59.82463836669922,194.30950927734375,107.273681640625,0.03500000014901161
2021-03-01,3972.889892578125,8.98336410522461,225.32225036621094,65.07356262207031,177.17266845703125,117.60763549804688,0.013000000268220901
2021-04-01,4181.169921875,8.462693214416504,241.00506591796875,70.5894546508789,173.331787109375,116.60343933105469,0.003000000026077032
2021-05-01,4204.10986328125,10.655370712280273,239.1668701171875,73.3370361328125,190.2625274658203,117.85321807861328,0.00800000037997961
2021-06-01,4297.5,10.897369384765625,259.4933776855469,72.498779296875,218.6295166015625,117.92311096191406,0.03999999910593033
2021-07-01,4395.259765625,10.230032920837402,272.9134521484375,81.46004486083984,231.94618225097656,125.08480072021484,0.03999999910593033
2021-08-01,4522.68017578125,9.555364608764648,289.7224426269531,83.32032775878906,246.82884216308594,125.22550201416016,0.03999999910593033
2021-09-01,4307.5400390625,10.384034156799316,270.56634521484375,81.45067596435547,220.7975616455078,122.94772338867188,0.02800000086426735
2021-10-01,4605.3798828125,12.525374412536621,318.2647705078125,89.99842834472656,243.45542907714844,126.53275299072266,0.04800000041723251
2021-11-01,4567,14.143573760986328,317.856689453125,85.120452880859375,237.80328369140625,127.93976593017578,0.04800000041723251
2021-12-01,4766.18017578125,15.308080673217773,323.3659973144531,81.80906677246094,264.8202819824219,144.7529754638672,0.032999999821186066
2022-01-01,4515.5498046875,15.038597106933594,299.00201416015625,76.41658782958984,235.26263427734375,142.7498321533203,0.17299999296665192
2022-02-01,4373.93994140625,13.008755683898926,287.8756408691406,71.5299072265625,240.6348114013672,138.69290161132812,0.2879999876022339
2022-03-01,4530.41015625,12.527226448059082,297.0478210449219,77.89483642578125,275.6975402832031,135.94378662109375,0.49300000071525574
2022-04-01,4131.93017578125,10.559770584106445,267.3825378417969,69.38048553466797,281.2428283691406,143.6401824951172,0.8080000281333923
2022-05-01,4132.14990234375,10.201812744140625,262.549072265625,67.98152160644531,302.7755432128906,132.30465698242188,1.0299999713897705
2022-06-01,3785.3798828125,8.300159454345703,248.024658203125,66.04378509521484,313.1984558105469,128.64541625976562,1.600000023841858
2022-07-01,4130.2900390625,10.9550142288208,271.1148376464844,73.90638732910156,318.47259521484375,125.0862045288086,2.2980000972747803
2022-08-01,3955,11.47852611541748,253.04153442382812,70.402862548828125,291.930908203125,124.21273803710938,2.859999895095825
2022-09-01,3585.6201171875,8.435662269592285,225.39244079589844,57.98386764526367,313.3680419921875,113.68608093261719,3.180000066757202
2022-10-01,3871.97998046875,10.070073127746582,224.64730834960938,74.50580596923828,350.9120788574219,122.12879180908203,3.9749999046325684
2022-11-01,4080.110107421875,10.578695297241211,247.61141967773438,79.23937225341797,360.6277770996094,135.2694091796875,4.252999782562256
2022-12-01,3839.5,8.851094245910645,232.74349975585938,78.00826263427734,355.535400390625,137.44589233398438,4.260000228881836
2023-01-01,4076.60009765625,10.281880378723145,240.49771118164062,84.73802185058594,334.4562683105469,129.93101501464844,4.570000171661377
2023-02-01,3970.14990234375,9.765056610107422,242.66648864746094,83.72261810302734,303.4323425292969,125.5324478149414,4.710000038146973
2023-03-01,4109.31005859375,10.19384765625,280.4936828613281,89.01036071777344,334.8266906738281,135.68931579589844,4.585000038146973
2023-04-01,4169.47998046875,9.731385231018066,298.9404296875,91.1146011352539,385.9544372558594,143.6004180908203,4.922999858856201
2023-05-01,4179.830078125,9.829681396484375,320.1966857910156,101.90753173828125,419.80279541015625,130.85470581054688,5.248000144958496
2023-06-01,4450.3798828125,12.393588066101074,332.04351806640625,114.55697631835938,458.4341735839844,139.33956909179688,5.1529998779296875
2023-07-01,4588.9599609375,10.938629150390625,327.5388488769531,113.16353607177734,444.3285827636719,144.4312286376953,5.248000144958496
2023-08-01,4507.66015625,10.044328689575195,320.2590026855469,116.21390533447266,542.89923095703125,142.62008666992188,5.297999858856201
2023-09-01,4288.0498046875,10.284462928771973,308.52386474609375,102.245849609375,526.1771240234375,134.78402709960938,5.300000190734863
2023-10-01,4193.7998046875,8.19943904876709,330.3721618652344,100.17851257324219,542.63458251953125,139.5124053955078,5.320000171661377
2023-11-01,4567.7998046875,8.62833309173584,370.9898681640625,112.58940124511719,580.0576171875,142.7577362060547,5.23799991607666
2023-12-01,4769.830078125,10.251401901245117,368.1797790527344,102.14524841308594,572.08856201171875,136.26702880859375,5.179999828338623
2024-01-01,4845.64990234375,9.856147766113281,389.2696228027344,108.63923645019531,633.61358642578125,147.04681396484375,5.188000202178955
2024-02-01,5096.27001953125,10.743927955627441,405.7428894042969,108.61980438232422,740.97210693359375,148.73118591308594,5.2230000495910645
2024-03-01,5254.35009765625,11.469403266906738,412.68768310546875,122.16809844970703,764.8427734375,151.8285675048828,5.203000068664551
2024-04-01,5035.68994140625,10.493468284606934,381.8970031738281,110.99009704589844,767.92987060546875,153.70367431640625,5.244999885559082
2024-05-01,5277.509765625,10.603436470031738,407.93890380859375,114.34664154052734,807.8829345703125,154.9656982421875,5.244999885559082
2024-06-01,5460.47998046875,10.961837768554688,439.20770263671875,137.77410888671875,891.6314697265625,155.32359313964844,5.2129998207092285
2024-07-01,5522.2998046875,9.458300590515137,411.1031494140625,136.4507293701172,792.056884765625,152.3162841796875,5.135000228881836
2024-08-01,5648.39990234375,9.9340972900390625,410.6529541015625,138.25115966796875,946.7628173828125,162.53004455566406,4.9679999351501465
2024-09-01,5762.47998046875,9.37480640411377,423.6082763671875,166.7350311279297,873.70574951171875,164.10289001464844,4.498000144958496
2024-10-01,5705.4501953125,9.135108947753906,400.03070068359375,164.59939575195312,818.2818603515625,157.4242706298828,4.432000160217285
2024-11-01,6032.3798828125,10.015083312988281,417.7090759277344,181.27117919921875,785.665771484375,170.8431854248047,4.373000144958496
2024-12-01,5881.6298828125,8.908295631408691,415.77569580078125,163.4225616455078,762.6002197265625,159.77830505371094,4.208000183105469
2025-01-01,6040.52978515625,9.070263862609863,409.4231262207031,167.18646240234375,801.204345703125,159.160888671875,4.188000202178955
2025-02-01,5954.5,8.874184608459473,392.3837585449219,163.25404357910156,910.98773193359375,166.6879119873047,4.192999839782715
2025-03-01,5611.85009765625,9.320216178894043,371.0344543457031,137.4475860595703,817.25982666015625,163.40863037109375,4.192999839782715
2025-04-01,5569.06005859375,9.301631927490234,390.673828125,138.83917236328125,889.534912109375,156.85325622558594,4.190000057220459
2025-05-01,5911.68994140625,9.786190032958984,455.8537902832031,163.3175811767578,731.44024658203125,163.9158477783203,4.23199987411499
2025-06-01,6204.9501953125,10.229303359985352,492.5411682128906,215.70785522460938,772.94677734375,153.71754455566406,4.190000057220459
2025-07-01,6339.39013671875,10.436716079711914,528.2779541015625,250.91021728515625,733.8199462890625,146.1715850830078,4.235000133514404
2025-08-01,6460.259765625,11.245687484741211,502.5551452636719,223.58169555664062,727.9886474609375,152.5538787841797,4.043000221252441
2025-09-01,6688.4599609375,11.427223205566406,513.7232666015625,278.0706481933594,758.21807861328125,149.26072692871094,3.8450000286102295
2025-10-01,6840.2001953125,12.545103073120117,513.58441162109375,260.10113525390625,857.4521484375,147.09591674804688,3.7179999351501465
2025-11-01,6849.08984375,12.835165023803711,488.9082946777344,200.0206756591797,1070.2991943359375,144.9340362548828,3.697000026702881
2025-12-01,6845.5,12.680523872375488,480.5711669921875,193.04794311523438,1069.5130615234375,140.1896209716797,3.546999931335449
2026-01-01,6939.02978515625,13.415066719055176,427.577392578125,163.43858337402344,1032.163330078125,149.51954650878906,3.572000026702881
2026-02-01,6878.8798828125,13.765520095825195,391.15484619140625,144.3916015625,1048.679443359375,164.72073364257812,3.578000068664551
2026-03-01,6528.52001953125,11.27424430847168,368.67596435546875,146.08975219726562,916.8756103515625,142.29823303222656,3.5999999046325684
2026-04-01,7209.009765625,11.80180835723877,406.1341552734375,160.83047485351562,931.65887451171875,146.00010681152344,3.5850000381469727
2026-05-01,7580.06005859375,17.253143310546875,449.3940124511719,224.9972381591797,1103.4188232421875,142.4962615966797,3.5880000591278076
2026-06-01,7499.35986328125,13.751070976257324,372.319091796875,146.04193115234375,1197.7137451171875,145.55343627929688,3.7320001125335693
2026-07-01,7489.72021484375,14.522714614868164,463.8468017578125,129.8699951171875,1147.196044921875,144.49000549316406,3.681999921798706
2026-08-01,7686.14013671875,13.9399995803833,507.2900085449219,149.1199951171875,1156.72998046875,145.1199951171875,3.7320001125335693
2026-09-01,7704.1298828125,12.600000381469727,497.92999267578125,139.5399932861328,1181.8900146484375,145.67999267578125,4.067999839782715
