fecha,Mkt_RF,SMB,HML,RMW,CMA,RF
01/07/1963,-0.39,-0.48,-0.81,0.64,-1.15,0.27
01/08/1963,5.08,-0.8,1.7,0.4,-0.38,0.25
01/09/1963,-1.57,-0.43,0,-0.78,0.15,0.27
01/10/1963,2.54,-1.34,-0.04,2.79,-2.25,0.29
01/11/1963,-0.86,-0.85,1.73,-0.43,2.27,0.27
01/12/1963,1.83,-1.89,-0.21,0.12,-0.25,0.29
01/01/1964,2.27,0.1,1.63,0.21,1.48,0.3
01/02/1964,1.55,0.33,2.81,0.11,0.81,0.26
01/03/1964,1.41,1.41,3.29,-2.03,2.98,0.31
01/04/1964,0.11,-1.48,-0.54,-1.32,-1.13,0.29
01/05/1964,1.41,-0.62,1.81,-0.15,0.13,0.26
01/06/1964,1.27,0.13,0.68,-0.33,0.1,0.3
01/07/1964,1.74,0.5,0.79,0.15,1.85,0.3
01/08/1964,-1.44,0.29,0.07,0.15,0.31,0.28
01/09/1964,2.69,-0.34,1.72,-0.5,0.56,0.28
01/10/1964,0.6,0.9,1.08,-0.2,0.52,0.29
01/11/1964,-0.01,-0.24,-2.04,0.71,-0.16,0.29
01/12/1964,0.04,-0.65,-2.43,0.95,-1.55,0.31
01/01/1965,3.54,2.5,0.36,0.94,-0.02,0.28
01/02/1965,0.44,3.24,0.22,0.26,-0.62,0.3
01/03/1965,-1.34,2.08,1.15,-0.29,0.65,0.36
01/04/1965,3.11,1.14,0.73,0.29,-2.27,0.31
01/05/1965,-0.78,0.05,-1.55,-0.42,0.59,0.31
01/06/1965,-5.51,-4.2,0.23,0.24,0.43,0.35
01/07/1965,1.44,1.1,2.19,-1.41,-0.08,0.31
01/08/1965,2.73,2.77,-0.98,2.03,-0.81,0.33
01/09/1965,2.86,0.7,-0.14,-0.85,0.73,0.31
01/10/1965,2.6,3.45,1.55,1.19,-0.76,0.31
01/11/1965,-0.02,5.22,0.16,-1.08,-0.87,0.35
01/12/1965,1.01,2.62,2.15,-1.3,-0.55,0.33
01/01/1966,0.72,4.85,3.27,-2.65,-0.26,0.38
01/02/1966,-1.21,4.79,0.38,-0.16,-1.45,0.35
01/03/1966,-2.51,0.21,-2.13,1.29,-0.05,0.38
01/04/1966,2.13,3.33,-0.36,0.42,-0.92,0.34
01/05/1966,-5.67,-5.11,-1.6,1.64,-1.48,0.41
01/06/1966,-1.44,1.32,0.49,0.08,0.79,0.38
01/07/1966,-1.63,-0.38,0.91,-0.38,1.74,0.35
01/08/1966,-7.94,-3.15,0.5,-0.64,0.77,0.41
01/09/1966,-1.06,-1.02,0.48,-1.19,2.35,0.4
01/10/1966,3.86,-6.48,2.74,-3.91,4.23,0.45
01/11/1966,1.38,3.34,-4.63,4.66,-6.51,0.4
01/12/1966,0.13,1.88,-0.95,0.17,-0.16,0.4
01/01/1967,8.15,8.98,2.36,1.29,-3.06,0.43
01/02/1967,0.77,3.01,-2.26,1.66,-0.93,0.36
01/03/1967,4,1.77,0.47,0.82,-1.5,0.39
01/04/1967,3.89,0.43,-2.29,3.09,-3.72,0.32
01/05/1967,-4.32,2.45,0.8,-1.19,1.62,0.33
01/06/1967,2.42,6.42,0.8,-0.84,-2.49,0.27
01/07/1967,4.58,3.58,2.75,0.45,2.66,0.32
01/08/1967,-0.9,0.77,1.43,0.3,1.35,0.31
01/09/1967,3.11,2.43,-2.47,0.22,-0.93,0.32
01/10/1967,-3.08,0.57,-3.29,0.97,-2.74,0.39
01/11/1967,0.37,-0.06,-1.71,1.31,-2.28,0.36
01/12/1967,3.05,5.59,-0.54,-0.74,-0.03,0.33
01/01/1968,-4.03,4.68,4.85,-4.89,6.46,0.4
01/02/1968,-3.74,-2.92,1.23,-0.08,2.46,0.39
01/03/1968,0.21,-1.55,-0.63,1.07,-1.15,0.38
01/04/1968,9.01,6.17,-1.1,2.79,-3.73,0.43
01/05/1968,2.28,6.97,0.82,0.49,-1.92,0.45
01/06/1968,0.7,-0.33,0.66,-1.56,2.8,0.43
01/07/1968,-2.69,-1.39,5.31,-3.18,3.79,0.48
01/08/1968,1.35,2.33,0.99,-0.66,0.47,0.42
01/09/1968,4.05,2.81,0.3,-1.94,0.87,0.43
01/10/1968,0.44,-0.43,2.82,-1.36,2.84,0.44
01/11/1968,5.42,2.39,-0.96,0.44,-2.51,0.42
01/12/1968,-3.93,3.55,0.04,-1.91,1.93,0.43
01/01/1969,-1.25,-0.42,1.66,-1.52,1.29,0.53
01/02/1969,-5.86,-4.16,0.89,1.99,0.75,0.46
01/03/1969,2.67,-0.51,-0.42,-1.34,-0.44,0.46
01/04/1969,1.47,-0.78,0.02,0.28,-0.16,0.53
01/05/1969,-0.1,-0.18,0.62,-0.87,1.05,0.48
01/06/1969,-7.18,-5.47,-1.1,4.27,-1.63,0.51
01/07/1969,-7,-3.39,1.18,1.51,1.84,0.53
01/08/1969,4.69,0.58,-3.75,1.06,-3.98,0.5
01/09/1969,-2.97,1.29,-3.22,3.36,-0.62,0.62
01/10/1969,5.05,3.91,-3.12,0.08,-2.08,0.6
01/11/1969,-3.8,-2.42,-1.25,1.4,0.21,0.52
01/12/1969,-2.63,-3.72,-2.88,2.55,-1.92,0.64
01/01/1970,-8.11,3.08,3.17,-1.75,3.96,0.6
01/02/1970,5.14,-2.57,3.69,-2.41,2.87,0.62
01/03/1970,-1.06,-2.42,4.08,-1.06,4.42,0.57
01/04/1970,-10.99,-6.34,6.14,-0.63,5.9,0.5
01/05/1970,-6.91,-4.46,3.32,-1.29,3.79,0.53
01/06/1970,-5.8,-2.1,0.44,0.14,2.71,0.58
01/07/1970,6.92,-0.66,0.93,-0.3,1.72,0.52
01/08/1970,4.5,1.44,1.41,0.57,-0.14,0.53
01/09/1970,4.18,8.5,-5.41,0.25,-5.98,0.54
01/10/1970,-2.28,-4.36,0.21,1.81,2.25,0.46
01/11/1970,4.62,-3.88,1.58,1.53,1.39,0.46
01/12/1970,5.74,2.89,1.04,0.28,0.3,0.42
01/01/1971,4.83,7.44,1.55,-2.02,-0.06,0.38
01/02/1971,1.41,2.01,-1.24,0.64,-0.8,0.33
01/03/1971,4.12,2.22,-3.95,1.78,-2.65,0.3
01/04/1971,3.15,-0.36,0.86,-1.46,0.85,0.28
01/05/1971,-4,-1.12,-1.33,1.49,0.2,0.29
01/06/1971,-0.09,-1.51,-1.97,1.58,-1.67,0.37
01/07/1971,-4.49,-1.43,-0.02,0.58,1.39,0.4
01/08/1971,3.79,-0.23,2.64,-0.43,2.59,0.47
01/09/1971,-0.86,0.26,-2.9,2.54,-1.58,0.37
01/10/1971,-4.42,-1.59,-0.51,1.56,-1.39,0.37
01/11/1971,-0.46,-2.86,-1.67,2.41,-0.44,0.37
01/12/1971,8.71,3.24,-0.38,-0.43,-1.68,0.37
01/01/1972,2.47,6.09,2.12,-1.69,0.54,0.29
01/02/1972,2.87,0.87,-2.83,1.69,-0.5,0.25
01/03/1972,0.62,-0.47,-1.61,1.58,-0.2,0.27
01/04/1972,0.29,0.27,0.03,-0.41,-1.06,0.29
01/05/1972,1.29,-3.12,-2.72,2.4,-1.97,0.3
01/06/1972,-2.46,-0.43,-2.46,1.78,-0.35,0.29
01/07/1972,-0.8,-2.79,0.6,1.2,-0.71,0.31
01/08/1972,3.27,-3.46,4.56,-2.04,2.9,0.29
01/09/1972,-1.14,-2.24,0.49,1.65,-1.97,0.34
01/10/1972,0.52,-2.55,1.22,-0.11,0.03,0.4
01/11/1972,4.59,-0.59,4.88,-1.98,3.34,0.37
01/12/1972,0.62,-1.89,-2.18,2.58,-2.14,0.37
01/01/1973,-3.28,-2.82,2.7,0.4,0.9,0.44
01/02/1973,-4.85,-3.94,1.64,-0.29,0.05,0.42
01/03/1973,-1.3,-2.29,2.57,-0.96,0.5,0.46
01/04/1973,-5.68,-2.92,5.39,-1.55,2.52,0.52
01/05/1973,-2.97,-6.12,0.38,1.97,-1.7,0.51
01/06/1973,-1.57,-2.48,1.14,-0.2,0.09,0.51
01/07/1973,5.04,7.19,-5.26,-0.09,-3.23,0.64
01/08/1973,-3.82,-1.78,1.03,-1.32,1.25,0.7
01/09/1973,4.74,3.58,2.22,-2.22,1.75,0.68
01/10/1973,-0.83,-0.27,1.66,-1.99,2.73,0.65
01/11/1973,-12.79,-7.28,4.09,-2.77,1.64,0.56
01/12/1973,0.59,-4.72,4.01,-2.89,2.42,0.64
01/01/1974,-0.16,10.39,5.95,-2.92,4.49,0.63
01/02/1974,-0.46,0.12,2.47,-1.85,2.67,0.58
01/03/1974,-2.82,2.62,-0.14,2.9,0.45,0.56
01/04/1974,-5.28,-0.67,0.92,2.71,2.13,0.75
01/05/1974,-4.7,-3.06,-2.08,5.01,-0.33,0.75
01/06/1974,-2.84,-0.05,0.83,0.5,2.98,0.6
01/07/1974,-8.06,1.84,5.16,-3.2,4.5,0.7
01/08/1974,-9.39,0.28,2.61,-0.29,2.59,0.6
01/09/1974,-11.78,1.47,5.43,-4.33,5.82,0.81
01/10/1974,16.1,-6.78,-9.91,-0.29,-2.91,0.51
01/11/1974,-4.53,-1.41,-0.25,-3.42,2.9,0.54
01/12/1974,-3.45,-4.27,0.12,-0.76,3.38,0.7
01/01/1975,13.67,12.88,8.26,-0.54,-1.05,0.58
01/02/1975,5.56,-0.69,-4.47,1.17,-2.11,0.43
01/03/1975,2.66,3.97,2.42,1.25,-1.34,0.41
01/04/1975,4.22,-0.69,-1.13,1.39,-1.37,0.44
01/05/1975,5.2,2.98,-4.05,-1.13,-0.56,0.44
01/06/1975,4.87,1.33,1.35,-2.7,1.07,0.41
01/07/1975,-6.6,3.4,1.76,0.46,1.24,0.48
01/08/1975,-2.84,-2.77,-0.91,1.1,-0.99,0.48
01/09/1975,-4.26,-0.02,0.33,0.57,0.57,0.53
01/10/1975,5.32,-4.25,0.35,-0.5,2.28,0.56
01/11/1975,2.65,-1.1,2.03,-0.66,1.74,0.41
01/12/1975,-1.6,-0.16,1.7,-0.11,0.77,0.48
01/01/1976,12.16,6.39,8.63,-1.75,2.33,0.47
01/02/1976,0.32,7.91,5.71,-2.53,3.7,0.34
01/03/1976,2.32,-1.38,-0.11,-0.38,0.99,0.4
01/04/1976,-1.48,0.1,-0.16,0.45,-1.05,0.42
01/05/1976,-1.35,-1.09,-1.29,2.43,-1.39,0.37
01/06/1976,4.05,-1.07,0.73,-0.66,1.02,0.43
01/07/1976,-1.06,0.61,1.74,-1.03,0.3,0.47
01/08/1976,-0.57,-2.02,0.79,-0.4,-0.57,0.42
01/09/1976,2.04,0.2,-0.31,0.98,-1.14,0.44
01/10/1976,-2.42,0.05,-0.17,-0.19,-0.37,0.41
01/11/1976,0.37,2.7,1.53,-1.31,0.07,0.4
01/12/1976,5.65,3.6,2.23,-0.72,2.41,0.4
01/01/1977,-4.04,5.91,4.32,-0.54,1.93,0.36
01/02/1977,-1.94,1.05,0.45,-0.21,-0.19,0.35
01/03/1977,-1.35,1.29,1.09,-0.32,-0.11,0.38
01/04/1977,0.15,0.6,3.38,-1.98,1.04,0.38
01/05/1977,-1.47,1.37,0.81,0.43,0.22,0.37
01/06/1977,4.72,2.1,-0.62,0.91,-1.27,0.4
01/07/1977,-1.69,1.81,-0.6,0.76,0.12,0.42
01/08/1977,-1.76,0.93,-2.77,1.03,-0.67,0.44
01/09/1977,-0.27,1.62,-0.26,0.91,-0.65,0.43
01/10/1977,-4.39,1.41,1.62,-0.08,-0.46,0.49
01/11/1977,4.02,3.6,0.23,-0.08,0.68,0.5
01/12/1977,0.27,1.61,-0.29,0.93,-0.66,0.49
01/01/1978,-5.99,2.76,3.38,-1.79,1.56,0.49
01/02/1978,-1.39,3.7,0.81,0.3,1.05,0.46
01/03/1978,2.85,3.65,1.15,-0.55,2,0.53
01/04/1978,7.87,-0.32,-3.54,2.88,-1.27,0.54
01/05/1978,1.76,4.54,-0.55,0.2,0.29,0.51
01/06/1978,-1.69,1.64,0.6,-1.41,-0.12,0.54
01/07/1978,5.12,0.17,-1,1.47,-0.73,0.56
01/08/1978,3.79,4.93,-0.66,1.57,0.5,0.56
01/09/1978,-1.45,-0.38,1.88,-0.69,1.57,0.62
01/10/1978,-11.91,-10.04,1.26,0.17,1.14,0.68
01/11/1978,2.72,2.9,-2.08,1.09,-1.19,0.7
01/12/1978,0.88,1.01,-2.14,2.01,-1.47,0.78
01/01/1979,4.22,3.74,2.19,-2.4,1.58,0.77
01/02/1979,-3.56,0.53,1.17,-1.11,0.96,0.73
01/03/1979,5.67,3.17,-0.68,0.54,0.29,0.81
01/04/1979,-0.07,2.4,1.12,1.14,0.24,0.8
01/05/1979,-2.21,0.18,1.32,-1.56,-0.31,0.82
01/06/1979,3.84,0.94,1.42,-1.58,-0.56,0.81
01/07/1979,0.83,1.27,1.79,-0.44,0.52,0.77
01/08/1979,5.54,1.85,-1.58,1.5,-1.46,0.77
01/09/1979,-0.83,-0.28,-0.94,0.84,0.5,0.83
01/10/1979,-8.1,-3.49,-1.83,0.96,0.14,0.87
01/11/1979,5.23,2.51,-3.21,-0.03,-1.83,0.99
01/12/1979,1.78,4.27,-2.13,-0.67,-1.01,0.95
01/01/1980,5.5,1.88,1.85,-1.84,1.89,0.8
01/02/1980,-1.23,-1.62,0.59,-0.95,2.92,0.89
01/03/1980,-12.89,-6.97,-0.96,1.82,-1.05,1.21
01/04/1980,3.96,1.05,1.03,-2.18,0.34,1.26
01/05/1980,5.26,2,0.38,0.43,-0.63,0.81
01/06/1980,2.97,1.46,-0.8,-0.2,-0.81,0.61
01/07/1980,6.51,3.74,-6.29,4.06,-2.44,0.53
01/08/1980,1.75,4.23,-2.46,2.05,-0.73,0.64
01/09/1980,2.19,0.63,-4.61,1.9,-2.86,0.75
01/10/1980,1.04,2.21,-2.93,1.77,-1.43,0.95
01/11/1980,9.6,-3.27,-8.11,4.26,-5.52,0.96
01/12/1980,-4.46,-0.28,2.8,-1.27,1.27,1.31
01/01/1981,-5.06,3.3,6.74,-3.38,4.27,1.04
01/02/1981,0.61,-0.65,0.97,0.26,2.06,1.07
01/03/1981,3.66,2.85,0.61,-2.27,-0.56,1.21
01/04/1981,-2.16,4.72,2.28,0.81,1.54,1.08
01/05/1981,0.13,2.36,-0.43,0.47,-1.78,1.15
01/06/1981,-2.34,-0.93,5.14,-1.29,2.69,1.35
01/07/1981,-1.55,-1.95,-0.61,1.08,-2.66,1.24
01/08/1981,-7.02,-1.82,4.71,-0.31,1.38,1.28
01/09/1981,-7.2,-2.46,5.11,0.08,2.53,1.24
01/10/1981,4.92,2.28,-4.09,3.12,-2.79,1.21
01/11/1981,3.4,-1.58,1.91,0.14,1,1.07
01/12/1981,-3.63,1.18,0.79,0.21,2.45,0.87
01/01/1982,-3.23,-1.1,3.19,-1.43,1.95,0.8
01/02/1982,-5.86,0.4,6.09,-3.55,4.57,0.92
01/03/1982,-1.82,0.02,3.76,-1.28,2.37,0.98
01/04/1982,3.24,1.21,-3.08,1.5,-0.05,1.13
01/05/1982,-3.93,0.41,1.78,0.96,-0.12,1.06
01/06/1982,-3.08,-0.51,1.56,0.09,2.53,0.96
01/07/1982,-3.2,1.01,0.07,1,1.44,1.05
01/08/1982,11.15,-4.46,1.09,-1.85,0.17,0.76
01/09/1982,1.32,2.55,0.23,2.16,-0.02,0.51
01/10/1982,11.24,1.96,-3.62,0.2,-0.3,0.59
01/11/1982,4.68,4.39,-1.8,-1.02,0.29,0.63
01/12/1982,0.56,-0.14,-0.06,0,1,0.67
01/01/1983,3.59,3.41,-0.72,-1.52,-0.56,0.69
01/02/1983,2.59,2.88,0.66,-0.36,1.01,0.62
01/03/1983,2.81,1.37,2.06,-0.19,2.8,0.63
01/04/1983,6.65,0.43,0.43,-0.07,1.51,0.71
01/05/1983,0.51,6.26,-1.4,-1.81,-1.43,0.69
01/06/1983,3.07,1.16,-3.89,2.55,-0.78,0.67
01/07/1983,-4.06,1.05,5.54,-0.07,2.88,0.74
01/08/1983,-0.5,-4.32,5.59,0.52,1.85,0.76
01/09/1983,0.91,0.3,0.99,1.21,0.5,0.76
01/10/1983,-3.43,-3.75,4.96,-0.82,3,0.76
01/11/1983,2.16,1.87,-0.73,-0.68,0.64,0.7
01/12/1983,-1.77,-0.42,1.75,1.55,1.33,0.73
01/01/1984,-1.92,0,7.48,-0.88,2.88,0.76
01/02/1984,-4.76,-1.58,3.41,1.04,1.51,0.71
01/03/1984,0.65,-0.25,0.53,-0.97,1.15,0.73
01/04/1984,-0.51,-0.94,1.19,3.3,0.77,0.81
01/05/1984,-5.98,0.14,0.26,2.41,-0.51,0.78
01/06/1984,1.81,0.16,-2.75,3.08,-1.57,0.75
01/07/1984,-2.72,-2.21,0.39,3.52,-2.16,0.82
01/08/1984,10.27,-0.28,-1.74,-0.73,-0.91,0.83
01/09/1984,-0.8,-0.04,5.25,1.37,2.39,0.86
01/10/1984,-0.84,-1.34,0.59,1.14,-1.04,1
01/11/1984,-1.77,-1.06,3.87,0.8,1.95,0.73
01/12/1984,1.84,-0.74,-0.29,1.28,-1.28,0.64
01/01/1985,7.97,3.45,-5.21,-0.99,-3.46,0.65
01/02/1985,1.22,0.97,-0.24,1.42,1.1,0.58
01/03/1985,-0.84,-1.38,4.01,1.23,2.86,0.62
01/04/1985,-0.96,-0.14,3.6,1.62,0.71,0.72
01/05/1985,5.07,-2.36,-0.98,1.27,-1.43,0.66
01/06/1985,1.27,0.21,0.38,1.69,-1.02,0.55
01/07/1985,-0.72,2.85,-1.62,-0.36,-0.37,0.62
01/08/1985,-1.01,-0.3,2.34,-0.16,1.93,0.55
01/09/1985,-4.5,-1.84,1.21,1.11,1.58,0.6
01/10/1985,4,-1.47,0.77,0.88,-1.06,0.65
01/11/1985,6.46,-0.05,-2.91,0.32,-2.35,0.61
01/12/1985,3.88,-0.41,-1.46,0.96,-1.77,0.65
01/01/1986,0.65,0.95,0.46,-1.99,-1.99,0.56
01/02/1986,7.14,-0.72,-0.63,1.16,-1.23,0.53
01/03/1986,4.91,-0.63,-0.39,1,0.81,0.6
01/04/1986,-1.28,2.81,-2.81,2.9,-0.1,0.52
01/05/1986,4.63,-1.29,-0.14,2.07,1.1,0.49
01/06/1986,1.06,-0.87,1.2,1.85,0.83,0.52
01/07/1986,-6.43,-3.53,4.66,-0.55,0.81,0.52
01/08/1986,6.07,-4.34,3.54,-1.71,3.32,0.46
01/09/1986,-8.59,2.1,3.23,-0.17,3.71,0.45
01/10/1986,4.64,-2.37,-1.42,-0.01,1.01,0.46
01/11/1986,1.16,-1.86,-0.02,0.98,0.7,0.39
01/12/1986,-3.26,0.19,0.36,0.87,0.09,0.49
01/01/1987,12.44,-1.61,-3.18,0.17,-1.03,0.42
01/02/1987,4.37,3.36,-5.86,-0.79,-2.55,0.43
01/03/1987,1.63,0.32,1.66,1.3,4.17,0.47
01/04/1987,-2.09,-1.58,-0.36,-0.52,1.16,0.44
01/05/1987,0.11,-0.58,0.22,0.49,1.13,0.38
01/06/1987,3.91,-2.11,1.13,1.56,1.07,0.48
01/07/1987,3.84,-1.07,0.94,-0.65,1.58,0.46
01/08/1987,3.52,-1.01,-0.98,2.11,-1.55,0.47
01/09/1987,-2.58,0.45,0.26,-0.88,1.82,0.45
01/10/1987,-23.19,-7.91,4.18,2.29,2.24,0.6
01/11/1987,-7.76,2.78,3.14,-1.93,0.6,0.35
01/12/1987,6.82,-0.01,-4.42,3.13,-2.46,0.39
01/01/1988,4.21,-0.56,4.93,-1.19,2.1,0.29
01/02/1988,4.77,3.3,-1.53,1.51,0.06,0.46
01/03/1988,-2.26,6.11,0.86,-0.23,1.78,0.44
01/04/1988,0.56,1.09,1.51,-0.09,1.9,0.46
01/05/1988,-0.27,-2.52,2.44,-0.77,0.3,0.51
01/06/1988,4.78,2.07,-1.35,1.52,-3.52,0.49
01/07/1988,-1.25,-0.18,2.18,-0.49,1.53,0.51
01/08/1988,-3.31,-0.02,2.14,-0.85,1.65,0.59
01/09/1988,3.31,-1.38,-0.75,1.76,-0.55,0.62
01/10/1988,1.16,-2.97,2.03,1.39,0.99,0.61
01/11/1988,-2.27,-1.58,1.47,-0.36,1.64,0.57
01/12/1988,1.48,1.94,-1.83,0.69,-0.38,0.63
01/01/1989,6.06,-2.26,0.61,-0.97,0.11,0.55
01/02/1989,-2.23,2.7,0.99,-0.84,1.88,0.61
01/03/1989,1.57,0.68,0.47,-0.01,0.65,0.67
01/04/1989,4.35,-0.75,-1.48,0.73,-0.48,0.67
01/05/1989,3.28,-0.06,-0.9,0.45,-0.26,0.79
01/06/1989,-1.33,-1.04,2.21,0.13,1.52,0.71
01/07/1989,7.18,-4.11,-2.8,2.05,-0.56,0.7
01/08/1989,1.43,0.48,0.62,0.36,-0.61,0.74
01/09/1989,-0.76,0.47,-1.27,1.39,0.58,0.65
01/10/1989,-3.65,-3.3,-1.16,0.08,-0.11,0.68
01/11/1989,1.04,-1.26,-1.13,-0.74,1.38,0.69
01/12/1989,1.18,-2.28,0.15,-0.07,1.31,0.61
01/01/1990,-7.8,-1.21,0.83,-1.12,1.4,0.57
01/02/1990,1.11,1.15,0.65,-0.04,-0.61,0.57
01/03/1990,1.83,1.59,-2.9,1.99,-0.94,0.64
01/04/1990,-3.36,-0.35,-2.57,1.78,-1,0.69
01/05/1990,8.44,-2.41,-3.89,1.68,-1.63,0.68
01/06/1990,-1.09,1.31,-2,-0.99,-0.39,0.63
01/07/1990,-1.9,-3.15,-0.06,-0.1,3.21,0.68
01/08/1990,-10.13,-3.79,1.56,-0.48,2.99,0.66
01/09/1990,-6.11,-3.72,0.59,0.03,3.62,0.6
01/10/1990,-1.91,-5.06,0.08,3.17,-0.25,0.68
01/11/1990,6.35,0.02,-2.97,0.58,-4.71,0.57
01/12/1990,2.48,0.6,-1.57,2.66,-1.98,0.6
01/01/1991,4.69,3.87,-1.48,1.34,-4.07,0.52
01/02/1991,7.21,4.02,-0.62,-0.06,-0.34,0.48
01/03/1991,2.67,3.81,-1.3,-0.52,-0.99,0.44
01/04/1991,-0.29,0.35,1.49,0.67,0.81,0.53
01/05/1991,3.66,0.14,-0.52,2.07,-2.36,0.47
01/06/1991,-4.94,0.3,1.08,1.75,0.68,0.42
01/07/1991,4.24,-1,-1.3,1.6,-1.44,0.49
01/08/1991,2.32,1.42,-0.79,0.85,-0.32,0.46
01/09/1991,-1.59,1.58,-1.23,-1.77,-0.04,0.46
01/10/1991,1.29,0.85,-0.43,-1.65,-0.3,0.42
01/11/1991,-4.2,-0.88,-1.77,1.1,-0.12,0.39
01/12/1991,10.86,-2.41,-4.23,3.67,-3.14,0.38
01/01/1992,-0.59,9.19,4.67,-1.17,3.25,0.34
01/02/1992,1.09,1.3,6.51,0.07,2.25,0.28
01/03/1992,-2.66,-0.89,3.49,-0.06,1.82,0.34
01/04/1992,1.09,-5.75,4.36,1.65,2.4,0.32
01/05/1992,0.3,0.2,1.11,-0.91,0.49,0.28
01/06/1992,-2.33,-2.76,3.24,-0.06,0.95,0.32
01/07/1992,3.78,-0.65,-0.51,1.24,-0.97,0.31
01/08/1992,-2.38,-0.39,-1.09,3.66,-1.64,0.26
01/09/1992,1.19,0.47,-0.19,1.61,-0.68,0.26
01/10/1992,1.02,2.09,-1.98,1.19,-0.91,0.23
01/11/1992,4.14,3.88,-1.52,-0.54,-1.58,0.23
01/12/1992,1.53,1.65,2.64,-0.52,0.83,0.28
01/01/1993,0.93,1.94,5.9,-1.9,2.94,0.23
01/02/1993,0.12,-3.37,6.48,-0.47,4.15,0.22
01/03/1993,2.32,0.09,1.26,-0.22,0.82,0.25
01/04/1993,-3.05,-0.81,2.55,-3.69,1.38,0.24
01/05/1993,2.89,1.94,-3.46,-0.14,-1.03,0.22
01/06/1993,0.3,0.12,2.64,-0.91,1.16,0.25
01/07/1993,-0.34,0.96,2.87,-1.84,2.05,0.24
01/08/1993,3.72,0.08,0.18,-1.52,0.04,0.25
01/09/1993,-0.12,3.02,-0.24,0.25,-0.19,0.26
01/10/1993,1.41,1.86,-2.78,0.61,0.56,0.22
01/11/1993,-1.86,-1.31,-0.78,2.19,-1.03,0.25
01/12/1993,1.65,1.35,0.25,1.14,-0.35,0.23
01/01/1994,2.87,-0.05,1.1,-1.54,1.39,0.25
01/02/1994,-2.55,2.62,-1.52,2.08,-0.94,0.21
01/03/1994,-4.79,-1.03,1.67,0.65,1.39,0.27
01/04/1994,0.68,-1,1.66,1.05,1.14,0.27
01/05/1994,0.58,-2.49,0.6,0.64,0.6,0.32
01/06/1994,-3.04,-0.52,1.77,1.05,1.5,0.31
01/07/1994,2.82,-1.87,0.61,-0.66,0.1,0.28
01/08/1994,4.02,1.44,-2.55,0.98,-1.52,0.37
01/09/1994,-2.28,2.71,-1.81,0.56,1.06,0.37
01/10/1994,1.35,-2.22,-1.66,0.18,-0.73,0.38
01/11/1994,-4.03,0.09,-0.73,0.48,-0.53,0.37
01/12/1994,0.86,-0.05,-0.09,0.4,0.36,0.44
01/01/1995,1.8,-3.07,2.59,0.15,-0.65,0.42
01/02/1995,3.63,-0.49,0.99,0.61,-0.4,0.4
01/03/1995,2.19,-0.53,-2.13,-0.13,0.23,0.46
01/04/1995,2.11,-0.26,1.67,0.43,0.82,0.44
01/05/1995,2.9,-2.17,2.28,0.41,0.01,0.54
01/06/1995,2.72,3.05,-2.54,-0.23,-2.39,0.47
01/07/1995,3.71,2.12,-1.58,0.22,-1.58,0.45
01/08/1995,0.55,1.7,2.68,-1.17,1.49,0.47
01/09/1995,3.36,-1.86,-0.11,0.99,0.4,0.43
01/10/1995,-1.51,-4.07,-0.49,1.93,-0.1,0.47
01/11/1995,3.96,-1.06,0.52,-0.57,1,0.42
01/12/1995,1.04,0.65,0.24,-1.44,3.02,0.49
01/01/1996,2.26,-2.64,0.46,0.26,2.3,0.43
01/02/1996,1.33,1.77,-1.05,0.16,-1.89,0.39
01/03/1996,0.74,1.56,0.42,1.44,-0.95,0.39
01/04/1996,2.05,4.7,-3.97,-0.2,-2.03,0.46
01/05/1996,2.36,3.23,-0.9,0.03,-0.33,0.42
01/06/1996,-1.13,-3.67,2.33,3.5,1.2,0.4
01/07/1996,-5.96,-3.78,5.19,2.9,2.68,0.45
01/08/1996,2.77,2.58,-0.82,-0.38,-2.47,0.41
01/09/1996,5.01,-1.41,-2.74,1.3,-2.13,0.44
01/10/1996,0.87,-3.79,4.88,1.38,2.97,0.42
01/11/1996,6.25,-3.82,1.4,2.06,-0.69,0.41
01/12/1996,-1.7,3.19,1.28,0.23,1.49,0.46
01/01/1997,4.97,-1.82,-1.44,1.22,-0.07,0.45
01/02/1997,-0.48,-2.54,5.61,0.72,3.47,0.39
01/03/1997,-5.02,-0.41,3.39,0.39,1.53,0.43
01/04/1997,4.04,-5.7,0,3.36,-1.02,0.43
01/05/1997,6.73,4.68,-4.11,-1.04,-2.76,0.49
01/06/1997,4.1,1.17,1.44,0.56,0.45,0.37
01/07/1997,7.31,-2.74,0.13,0.18,-2.56,0.43
01/08/1997,-4.09,7.5,1.13,-1.02,-0.17,0.41
01/09/1997,5.34,2.48,0.24,-1.58,-0.93,0.44
01/10/1997,-3.81,-0.56,2.33,0.75,2.01,0.42
01/11/1997,2.99,-5.01,1.22,3.08,1.73,0.39
01/12/1997,1.36,-2.09,3.74,0.64,1.95,0.48
01/01/1998,0.14,-1.28,-1.68,0.91,-0.62,0.43
01/02/1998,7.04,0.05,-0.93,-0.37,-2.58,0.39
01/03/1998,4.76,-0.73,1.38,-0.55,-0.23,0.39
01/04/1998,0.74,0.01,1.03,-1.68,-0.36,0.43
01/05/1998,-3.05,-3,3.41,1.03,2.47,0.4
01/06/1998,3.21,-3.61,-2.03,-0.26,-3.03,0.41
01/07/1998,-2.42,-5.2,-1.83,1.64,0.76,0.4
01/08/1998,-16.05,-4.97,3.57,3.35,5.78,0.43
01/09/1998,6.19,-0.89,-3.51,-1.84,-2.84,0.46
01/10/1998,6.98,-3.36,-2.33,0.88,0.18,0.32
01/11/1998,6.07,0.76,-3.24,-0.92,-0.92,0.31
01/12/1998,6.15,-1.5,-4.25,-0.69,-3.26,0.38
01/01/1999,3.47,-0.82,-4.46,-2.8,-6.41,0.35
01/02/1999,-4.08,-5.15,1.95,-1.23,4.08,0.35
01/03/1999,3.48,-4.37,-2.61,-4.05,-1.07,0.43
01/04/1999,4.34,4.52,2.4,-2.47,0.84,0.37
01/05/1999,-2.46,3.75,2.49,0.95,3.18,0.34
01/06/1999,4.77,2.34,-3.22,0.93,-2.91,0.4
01/07/1999,-3.49,2.54,-0.18,0.29,3.27,0.38
01/08/1999,-1.37,-1.67,-1.93,-0.24,0.72,0.39
01/09/1999,-2.77,2.48,-2.9,-0.96,-0.99,0.39
01/10/1999,6.09,-7.13,-2.88,-1.75,-0.87,0.39
01/11/1999,3.41,5.69,-5.65,-4.18,-1.84,0.36
01/12/1999,7.66,5.1,-7.66,-8,-5.87,0.44
01/01/2000,-4.74,4.21,-1.12,-6.15,4.56,0.41
01/02/2000,2.45,18.46,-9.77,-18.95,-1.13,0.43
01/03/2000,5.21,-15.54,8.5,11.65,-1.2,0.47
01/04/2000,-6.35,-4.75,6.45,8.07,5.63,0.46
01/05/2000,-4.39,-3.86,4.59,4.05,1.47,0.5
01/06/2000,4.68,9.95,-8.04,-8.31,-3.17,0.4
01/07/2000,-2.48,-0.94,8.06,5.72,2.98,0.48
01/08/2000,7.03,-0.95,-1.37,-3.06,1.21,0.5
01/09/2000,-5.44,0.27,7.24,2.7,5.54,0.51
01/10/2000,-2.78,-2.58,5.58,9.55,3.71,0.56
01/11/2000,-10.7,-0.35,12.24,13.05,8.35,0.51
01/12/2000,1.18,3.26,7.55,1.92,4.82,0.5
01/01/2001,3.25,5.23,-5.05,-5.2,-5.21,0.54
01/02/2001,-10.03,2.87,12.23,9.12,9.01,0.38
01/03/2001,-7.25,2.33,6.47,3.34,3.72,0.42
01/04/2001,7.94,-0.88,-4.64,-3.18,-3.19,0.39
01/05/2001,0.68,3.55,3.38,0.29,1.95,0.32
01/06/2001,-1.94,6.69,-1.26,1.57,-1.67,0.28
01/07/2001,-2.13,-2.86,4.95,7.29,2.9,0.3
01/08/2001,-6.4,2.54,2.86,3.81,6.53,0.31
01/09/2001,-9.24,-5.74,1.52,5.03,3.35,0.28
01/10/2001,2.48,5.34,-7.31,-2.98,-4.36,0.22
01/11/2001,7.53,-0.36,2.17,-3.49,-1.68,0.17
01/12/2001,1.61,5.11,0.83,0.26,-0.28,0.15
01/01/2002,-1.44,1.28,3.42,4.73,2.83,0.14
01/02/2002,-2.28,-0.38,2.34,8.03,5.1,0.13
01/03/2002,4.24,4.15,1.08,-1.83,0.66,0.13
01/04/2002,-5.21,6.63,4.01,4.59,5.35,0.15
01/05/2002,-1.36,-3.07,1.52,2.31,2.53,0.14
01/06/2002,-7.23,3.76,0.37,3.92,2.66,0.13
01/07/2002,-8.19,-6.33,-3.51,3.84,-1.1,0.15
01/08/2002,0.5,-1.28,3.01,1.37,-1.4,0.14
01/09/2002,-10.34,3.05,1.26,3.29,-2.29,0.14
01/10/2002,7.84,-4.29,-3.76,-3.16,0.73,0.14
01/11/2002,5.96,2.94,-1.16,-9.25,5.16,0.12
01/12/2002,-5.76,0.55,2.11,6.32,-1.79,0.11
01/01/2003,-2.57,0.71,-0.79,-0.93,0.69,0.1
01/02/2003,-1.88,-0.87,-1.36,0.79,-0.68,0.09
01/03/2003,1.09,0.77,-2.11,1.68,-0.81,0.1
01/04/2003,8.18,1.14,1.22,-4.68,0.98,0.1
01/05/2003,6.05,4.78,0.7,-6.94,3.07,0.09
01/06/2003,1.42,1.65,0.14,0.44,-0.4,0.1
01/07/2003,2.33,4.4,-1.53,-3.89,1.52,0.07
01/08/2003,2.33,2.37,1.64,-2.29,2.15,0.07
01/09/2003,-1.24,0.57,0.14,0.9,0.41,0.08
01/10/2003,6.08,2.63,2.21,-1.38,1.65,0.07
01/11/2003,1.35,2.31,1.72,0.21,1.68,0.07
01/12/2003,4.29,-2.51,1.51,0.57,0.85,0.08
01/01/2004,2.15,2.46,2.42,-3.6,3.33,0.07
01/02/2004,1.4,-0.92,0.95,2.13,-1.17,0.06
01/03/2004,-1.32,2.11,0.23,1.65,-0.98,0.09
01/04/2004,-1.82,-2.06,-3.23,3.46,-2.83,0.08
01/05/2004,1.18,-0.4,-0.18,-1.17,0.01,0.06
01/06/2004,1.86,2.52,1.21,1.12,-0.31,0.08
01/07/2004,-4.04,-2.92,3.22,5.21,-1.68,0.1
01/08/2004,0.08,-1.18,1.09,1.21,-1.35,0.11
01/09/2004,1.6,3.22,-0.07,-1.49,-1.72,0.11
01/10/2004,1.42,0.16,-0.25,-0.53,0.41,0.11
01/11/2004,4.53,4.12,1.57,-0.52,-0.18,0.15
01/12/2004,3.41,-0.04,-0.22,-1.07,0.39,0.16
01/01/2005,-2.75,-1.11,2.05,2.8,-1.41,0.16
01/02/2005,1.88,-0.3,1.41,1.32,-0.21,0.16
01/03/2005,-1.93,-1.41,2.07,0.44,1.34,0.21
01/04/2005,-2.6,-3.97,0.05,0.97,-0.85,0.21
01/05/2005,3.65,2.76,-0.59,-1.02,0.28,0.24
01/06/2005,0.58,3.26,2.8,0.87,-0.52,0.23
01/07/2005,3.92,2.76,-0.78,-1.19,-0.78,0.24
01/08/2005,-1.2,-0.94,1.34,-1.96,0.38,0.3
01/09/2005,0.48,-0.31,0.78,0.26,-0.61,0.29
01/10/2005,-2.04,-1.5,0.43,-0.7,-1.26,0.27
01/11/2005,3.61,0.9,-1.19,-0.79,-1.09,0.31
01/12/2005,-0.24,-0.25,0.15,0.18,0.2,0.32
01/01/2006,3.03,5.83,0.99,-0.66,-0.35,0.35
01/02/2006,-0.3,-0.46,-0.31,-0.54,1.98,0.34
01/03/2006,1.47,3.34,0.61,0.03,-0.44,0.37
01/04/2006,0.73,-0.79,2.26,1.74,-0.13,0.36
01/05/2006,-3.56,-2.9,2.38,0.87,1.53,0.43
01/06/2006,-0.34,-0.24,0.85,1.32,-0.13,0.4
01/07/2006,-0.77,-3.6,2.62,1.63,0.84,0.4
01/08/2006,2.03,0.45,-1.95,-1.81,2.14,0.42
01/09/2006,1.84,-1.39,0.06,0.78,0.46,0.41
01/10/2006,3.22,1.98,-0.33,-0.11,0.32,0.41
01/11/2006,1.7,0.63,0.03,0.2,-0.8,0.42
01/12/2006,0.85,-0.81,2.75,-0.65,1.88,0.4
01/01/2007,1.38,0.02,-0.68,0.19,0.4,0.44
01/02/2007,-1.96,1.33,-0.08,-0.52,-0.66,0.38
01/03/2007,0.71,0.14,-0.88,0.55,-0.67,0.43
01/04/2007,3.49,-2.08,-1.45,1.18,1.01,0.44
01/05/2007,3.24,0.33,-0.58,1.47,-1.26,0.41
01/06/2007,-1.96,0.7,-1.05,0.49,0.06,0.4
01/07/2007,-3.72,-3.05,-3.68,0.26,-1.16,0.4
01/08/2007,0.94,-0.33,-1.87,-1.27,-0.57,0.42
01/09/2007,3.22,-2.44,-2.17,-0.49,-2.94,0.32
01/10/2007,1.79,-0.03,-2.87,-0.33,0.06,0.32
01/11/2007,-4.8,-2.91,-1.09,1.75,-0.36,0.34
01/12/2007,-0.87,0.18,-0.51,0.9,-1.07,0.27
01/01/2008,-6.32,-0.63,4,2.12,2.06,0.21
01/02/2008,-3.09,-0.64,-0.72,1.07,-0.97,0.13
01/03/2008,-0.94,0.59,0.31,0.89,0.47,0.17
01/04/2008,4.61,-1.16,-0.96,1.81,-2.56,0.18
01/05/2008,1.87,3.04,-1.5,0.92,0.14,0.18
01/06/2008,-8.43,1.16,-2.51,4.98,-0.69,0.17
01/07/2008,-0.75,3.71,5.2,-1.36,0.99,0.15
01/08/2008,1.53,3.28,1.52,1.83,0.66,0.13
01/09/2008,-9.35,0.38,5.66,2.4,1.7,0.15
01/10/2008,-17.2,-3.06,-1.89,2.73,1.38,0.08
01/11/2008,-7.74,-4,-6.21,4.67,2.39,0.03
01/12/2008,1.77,3.33,0.05,0.03,-1.52,0
01/01/2009,-8.09,-2.09,-11.02,0,-1.16,0
01/02/2009,-10.14,-1.17,-6.6,1.01,-0.62,0.01
01/03/2009,9.01,0.59,3.48,-2.58,-2,0.02
01/04/2009,10.17,7.14,5.38,1.34,0.5,0.01
01/05/2009,5.2,-2.24,0.41,-0.81,-1.99,0
01/06/2009,0.42,2.27,-2.76,-1.41,-0.37,0.01
01/07/2009,7.74,2.31,4.89,-0.26,3.08,0.01
01/08/2009,3.33,-0.1,7.6,-2.85,3.3,0.01
01/09/2009,4.08,2.72,1.15,1.15,0.34,0.01
01/10/2009,-2.55,-4.85,-4.17,4.22,-1.48,0
01/11/2009,5.58,-2.76,-0.33,0.9,0,0
01/12/2009,2.74,6.14,-0.11,0.71,-0.09,0.01
01/01/2010,-3.35,0.4,0.33,-1.08,0.51,0
01/02/2010,3.39,1.49,3.18,-0.29,1.42,0
01/03/2010,6.3,1.83,2.19,-0.61,1.74,0.01
01/04/2010,2,4.96,2.96,0.61,1.75,0.01
01/05/2010,-7.9,0.08,-2.48,1.3,-0.24,0.01
01/06/2010,-5.57,-2.42,-4.73,-0.1,-1.58,0.01
01/07/2010,6.92,0.04,-0.5,0.17,2.02,0.01
01/08/2010,-4.77,-3.06,-1.73,0.6,-1.6,0.01
01/09/2010,9.55,3.65,-3.02,-0.19,0.38,0.01
01/10/2010,3.87,0.73,-2.46,1.28,-0.38,0.01
01/11/2010,0.59,3.54,-0.9,0.32,1.79,0.01
01/12/2010,6.82,0.97,3.56,-3.42,3.17,0.01
01/01/2011,1.98,-2.31,0.61,-0.64,0.81,0.01
01/02/2011,3.48,1.65,1.18,-1.83,0.84,0.01
01/03/2011,0.46,2.56,-1.84,1.73,-0.07,0.01
01/04/2011,2.9,-0.53,-2.44,1.12,-0.86,0
01/05/2011,-1.27,-0.72,-1.85,1.92,-1.43,0
01/06/2011,-1.74,0.06,-0.2,2.27,-1.42,0
01/07/2011,-2.35,-1.11,-0.91,2.68,-1.73,0
01/08/2011,-5.96,-3.09,-2.43,3.41,-0.26,0.01
01/09/2011,-7.57,-3.49,-1.53,1.99,0.15,0
01/10/2011,11.34,3.25,0.06,-2.25,-0.73,0
01/11/2011,-0.27,-0.3,-0.52,1.94,1.44,0
01/12/2011,0.75,-0.29,1.54,1.06,2.47,0
01/01/2012,5.05,2.02,-0.93,-2.06,-1.48,0
01/02/2012,4.4,-1.67,0.42,-0.36,-0.08,0
01/03/2012,3.11,-0.48,1.19,-0.61,0.7,0
01/04/2012,-0.84,-0.5,-0.77,1.3,0.66,0
01/05/2012,-6.17,-0.08,-0.95,2.03,2.36,0.01
01/06/2012,3.9,0.89,0.55,-1.06,0.45,0
01/07/2012,0.79,-2.81,-0.06,1.04,0.01,0
01/08/2012,2.54,0.44,1.23,-1.5,-0.86,0.01
01/09/2012,2.73,0.57,1.62,-1.3,1.56,0.01
01/10/2012,-1.76,-0.83,3.52,-1.4,2.52,0.01
01/11/2012,0.78,0.4,-0.86,0.38,0.81,0.01
01/12/2012,1.18,1.92,3.48,-1.72,0.8,0.01
01/01/2013,5.57,0.42,1.01,-2.01,1.52,0
01/02/2013,1.29,-0.25,0.21,-0.59,0.61,0
01/03/2013,4.03,0.88,-0.22,0.27,1.41,0
01/04/2013,1.56,-2.24,0.44,0.39,0.43,0
01/05/2013,2.81,2.04,2.67,-2,-0.95,0
01/06/2013,-1.2,1.54,-0.05,-0.28,-0.06,0
01/07/2013,5.65,1.75,0.58,-1.35,0.57,0
01/08/2013,-2.71,-0.03,-2.73,0.71,-2.17,0
01/09/2013,3.77,2.65,-1.18,-0.54,-1.32,0
01/10/2013,4.17,-1.5,1.22,2.75,0.89,0
01/11/2013,3.12,1.44,0.19,0.26,0.06,0
01/12/2013,2.8,-0.44,0,-0.58,0.08,0
01/01/2014,-3.3,0.6,-1.99,-3.91,-1.54,0
01/02/2014,4.68,0.13,-0.35,-0.25,-0.54,0
01/03/2014,0.41,-1.13,4.9,2.02,1.92,0
01/04/2014,-0.19,-4.07,1.22,3.4,0.93,0
01/05/2014,2.04,-1.86,-0.1,-0.09,-0.96,0
01/06/2014,2.61,3.06,-0.71,-1.83,-1.91,0
01/07/2014,-2.03,-4.2,-0.08,0.93,0.51,0
01/08/2014,4.24,0.29,-0.57,-0.64,-0.69,0
01/09/2014,-1.96,-3.66,-1.47,1.2,-0.59,0
01/10/2014,2.51,3.66,-1.63,-0.39,0.21,0
01/11/2014,2.56,-2.3,-3.13,1.57,0.14,0
01/12/2014,-0.05,2.83,2.12,-1.21,0.9,0
01/01/2015,-3.09,-0.93,-3.45,1.58,-1.64,0
01/02/2015,6.14,0.36,-1.79,-1.1,-1.75,0
01/03/2015,-1.09,3.08,-0.38,0.07,-0.62,0
01/04/2015,0.6,-3.01,1.8,0.05,-0.62,0
01/05/2015,1.38,0.82,-1.11,-1.76,-0.83,0
01/06/2015,-1.54,2.9,-0.82,0.35,-1.54,0
01/07/2015,1.57,-4.58,-4.16,0.31,-2.44,0
01/08/2015,-6.02,0.29,2.75,0.66,1.29,0
01/09/2015,-3.06,-2.8,0.55,1.8,-0.59,0
01/10/2015,7.75,-2.06,-0.47,0.95,0.61,0
01/11/2015,0.57,3.3,-0.43,-2.65,-1.06,0
01/12/2015,-2.15,-2.95,-2.57,0.34,0.12,0.01
01/01/2016,-5.74,-3.44,2.08,2.78,3.05,0.01
01/02/2016,-0.07,0.87,-0.61,3.31,1.94,0.02
01/03/2016,6.95,1,1.22,0.68,0.01,0.02
01/04/2016,0.91,1.23,3.22,-2.85,1.77,0.01
01/05/2016,1.78,-0.62,-1.62,-1.1,-2.54,0.01
01/06/2016,-0.03,0.42,-1.49,1.45,1.9,0.02
01/07/2016,3.94,2.47,-1.24,1.31,-1.16,0.02
01/08/2016,0.49,1.66,3.17,-1.85,-0.36,0.02
01/09/2016,0.27,1.81,-1.19,-2.18,0.03,0.02
01/10/2016,-2.01,-4.02,4.11,0.99,0.25,0.02
01/11/2016,4.85,6.96,8.29,-0.24,3.71,0.01
01/12/2016,1.81,0.44,3.47,1.24,-0.32,0.03
01/01/2017,1.94,-1.44,-2.76,-0.51,-1.06,0.04
01/02/2017,3.55,-2.3,-1.5,0.45,-1.8,0.04
01/03/2017,0.17,0.75,-3.33,0.63,-0.95,0.03
01/04/2017,1.08,0.41,-2.05,1.79,-1.6,0.05
01/05/2017,1.07,-2.99,-3.82,0.99,-1.66,0.06
01/06/2017,0.78,2.52,1.5,-2.26,0.04,0.06
01/07/2017,1.88,-1.64,-0.23,-0.75,-0.15,0.07
01/08/2017,0.18,-1.83,-2.13,0.2,-2.38,0.09
01/09/2017,2.49,4.76,3.15,-1.54,1.63,0.09
01/10/2017,2.25,-1.91,0.13,0.92,-3.14,0.09
01/11/2017,3.12,-0.38,-0.09,3.19,-0.1,0.08
01/12/2017,1.06,-1.05,0.05,0.73,1.79,0.09
01/01/2018,5.58,-3.21,-1.32,-0.75,-1.05,0.11
01/02/2018,-3.64,0.34,-1.1,0.53,-2.36,0.11
01/03/2018,-2.35,3.61,-0.21,-0.41,0.08,0.12
01/04/2018,0.29,0.89,0.53,-2.42,1.24,0.14
01/05/2018,2.63,4.71,-3.14,-1.98,-1.49,0.14
01/06/2018,0.49,0.77,-2.33,0.83,0.2,0.14
01/07/2018,3.2,-1.93,0.49,1.53,0.31,0.16
01/08/2018,3.46,0.65,-3.91,-0.29,-2.57,0.16
01/09/2018,0.06,-2.49,-1.62,0.65,1.36,0.15
01/10/2018,-7.64,-4.38,3.38,1.03,3.6,0.19
01/11/2018,1.71,-0.81,0.36,-0.61,0.4,0.18
01/12/2018,-9.55,-2.81,-1.92,-0.03,0.24,0.19
01/01/2019,8.36,2.91,-0.39,-0.73,-1.65,0.21
01/02/2019,3.42,1.72,-2.66,0.16,-1.54,0.18
01/03/2019,1.1,-3.52,-4.14,0.88,-0.9,0.19
01/04/2019,3.97,-1.15,2.13,1.61,-2.18,0.21
01/05/2019,-6.92,-1.56,-2.45,-0.48,1.76,0.21
01/06/2019,6.99,0.19,-0.64,0.45,-0.55,0.18
01/07/2019,1.22,-1.82,0.5,-0.13,0.37,0.19
01/08/2019,-2.55,-3.25,-4.77,0.53,-0.62,0.16
01/09/2019,1.42,0.29,6.76,1.82,3.38,0.18
01/10/2019,2.07,0.25,-1.92,0.43,-1.03,0.15
01/11/2019,3.87,0.39,-2,-1.64,-1.14,0.12
01/12/2019,2.76,0.99,1.73,0.05,1.19,0.14
01/01/2020,-0.09,-4.37,-6.22,-1.19,-2.19,0.13
01/02/2020,-8.15,0.08,-3.82,-1.43,-2.53,0.12
01/03/2020,-13.35,-8.18,-13.83,-1.61,1.19,0.12
01/04/2020,13.58,2.57,-1.34,2.76,-1.02,0
01/05/2020,5.59,1.92,-5,0.96,-3.16,0.01
01/06/2020,2.44,1.95,-2.17,0.14,0.55,0.01
01/07/2020,5.83,-3.19,-1.44,0.38,0.97,0.01
01/08/2020,7.62,-0.89,-3.02,4.27,-1.51,0.01
01/09/2020,-3.64,-0.01,-2.72,-1.38,-1.93,0.01
01/10/2020,-2.08,4.67,4.25,-0.77,-0.57,0.01
01/11/2020,12.44,7.12,2.09,-2.25,1.28,0.01
01/12/2020,4.63,4.93,-1.68,-1.97,-0.06,0.01
01/01/2021,-0.07,6.81,3.22,-3.65,4.97,0
01/02/2021,2.81,4.5,7.2,0.33,-1.99,0
01/03/2021,3.16,-0.84,7.35,6.35,3.52,0
01/04/2021,4.97,-3.16,-1.02,2.43,-2.72,0
01/05/2021,0.29,1.27,7.04,2.34,3.01,0
01/06/2021,2.73,-0.3,-7.86,-2.14,-0.93,0
01/07/2021,1.34,-4.55,-1.79,5.5,-0.59,0
01/08/2021,2.95,-0.66,-0.23,-0.26,-1.72,0
01/09/2021,-4.4,1.12,5.12,-1.92,2,0
01/10/2021,6.63,-2.7,-0.53,1.71,-1.54,0
01/11/2021,-1.58,-1.7,-0.37,7.19,1.7,0
01/12/2021,3.24,-0.78,3.25,4.88,4.29,0.01
01/01/2022,-6.15,-4.01,12.86,0.77,7.73,0
01/02/2022,-2.28,2.86,3.06,-2.03,3.03,0
01/03/2022,3.08,-2.11,-1.9,-1.5,3.21,0
01/04/2022,-9.41,-0.35,6.18,3.41,5.92,0
01/05/2022,-0.33,-0.03,8.44,1.55,3.95,0.03
01/06/2022,-8.4,1.33,-6,1.76,-4.58,0.06
01/07/2022,9.57,1.78,-4.15,0.77,-6.85,0.08
01/08/2022,-3.77,1.48,0.18,-4.74,1.32,0.19
01/09/2022,-9.34,-0.98,0.03,-1.33,-0.77,0.19
01/10/2022,7.86,1.81,7.97,3.27,6.43,0.23
01/11/2022,4.69,-2.75,1.48,6.29,3.15,0.29
01/12/2022,-6.38,-0.2,1.34,0.34,4.28,0.33
01/01/2023,6.6,4.4,-3.94,-2.44,-4.43,0.35
01/02/2023,-2.57,0.57,-0.8,0.99,-1.51,0.34
01/03/2023,2.49,-6.89,-9.05,2.27,-2.1,0.36
01/04/2023,0.63,-2.57,-0.12,2.41,2.85,0.35
01/05/2023,0.33,-0.43,-7.79,-1.78,-7.08,0.36
01/06/2023,6.46,1.28,-0.13,2.31,-1.54,0.4
01/07/2023,3.21,2.86,4.06,-0.59,0.66,0.45
01/08/2023,-2.36,-3.64,-1.15,3.33,-2.37,0.45
01/09/2023,-5.23,-1.77,1.5,1.85,-0.75,0.43
01/10/2023,-3.15,-4.03,0.2,2.41,-0.72,0.47
01/11/2023,8.88,-0.21,1.67,-3.73,-1.08,0.44
01/12/2023,4.85,7.25,4.89,-2.94,1.26,0.43
01/01/2024,0.73,-5.7,-2.38,0.64,-0.95,0.47
01/02/2024,5.07,-0.84,-3.43,-2.03,-2.21,0.42
01/03/2024,2.84,-1.2,4.16,1.32,1.14,0.43
01/04/2024,-4.65,-2.6,-0.45,1.15,-0.34,0.47
01/05/2024,4.32,0.57,-1.31,3.21,-2.9,0.44
01/06/2024,2.8,-4.32,-3.36,0.56,-1.79,0.41
01/07/2024,1.22,8.33,5.57,0.26,0.27,0.45
01/08/2024,1.61,-3.57,-1.13,0.75,0.79,0.48
01/09/2024,1.73,-0.91,-2.73,0.19,-0.25,0.4
01/10/2024,-1,-0.86,0.91,-1.49,1.02,0.39
01/11/2024,6.49,4.63,0.38,-2.27,-1.93,0.4
01/12/2024,-3.16,-3.82,-2.97,1.88,-1.2,0.37
01/01/2025,2.8,-1.23,1.76,-2.35,-3.22,0.37
01/02/2025,-2.43,-4.88,4.84,1.07,3.09,0.33
01/03/2025,-6.39,-1.47,2.87,2.09,-0.46,0.34
01/04/2025,-0.84,-1.83,-3.29,-2.83,-2.59,0.35
01/05/2025,6.06,-0.77,-2.81,1.29,2.48,0.38
01/06/2025,4.86,-0.08,-1.43,-3.19,1.38,0.34
01/07/2025,1.98,-0.13,-1.28,-0.24,-2.04,0.34
01/08/2025,1.84,4.81,4.44,-0.74,1.99,0.38
01/09/2025,3.39,-2.24,-0.93,-2.15,-2.24,0.33
01/10/2025,1.96,-1.62,-2.76,-5.8,-4.04,0.37
01/11/2025,-0.13,1.62,3.62,1.66,0.62,0.3
01/12/2025,-0.36,-0.17,2.36,0.38,0.39,0.34
01/01/2026,1.03,3.21,3.82,1.8,1.81,0.3
01/02/2026,-1.18,0.74,2.71,1.91,5.04,0.28
01/03/2026,-5.18,0.66,3.41,-2.08,-0.1,0.29
01/04/2026,9.95,0.38,-1.17,-4.3,-3.78,0.29
01/05/2026,4.91,-2.77,-2.16,-8.42,-1.4,0.31
01/06/2026,-1.07,4.58,3.34,-4.64,3.46,0.29
